method_id,update,training_seeds,deadline_completion_rate,deadline_completion_rate_ci95_lower,deadline_completion_rate_ci95_upper,mission_success,mission_success_ci95_lower,mission_success_ci95_upper,makespan,makespan_ci95_lower,makespan_ci95_upper,throughput,throughput_ci95_lower,throughput_ci95_upper,communication_events,communication_events_ci95_lower,communication_events_ci95_upper,deadline_remaining_tasks,deadline_remaining_tasks_ci95_lower,deadline_remaining_tasks_ci95_upper,completion_rate,completion_rate_ci95_lower,completion_rate_ci95_upper,actor_loss,actor_loss_ci95_lower,actor_loss_ci95_upper
gppo_always,1.0,5,0.7006587938205585,0.6338567738058813,0.7674608138352357,0.02222222222222222,-0.015554352922033901,0.05999879736647834,23.502353842483394,22.779984942289293,24.224722742677496,0.9130163817663819,0.8262344590796306,0.9997983044531332,48.522222222222226,46.10402958052767,50.94041486391678,6.1,4.78829489462883,7.411705105371169,0.9184587942921276,0.856173041538716,0.9807445470455393,0.004637906025163829,-0.00259830744407016,0.011874119494397819
gppo_always,2.0,5,0.67168532205353,0.6404867925461376,0.7028838515609225,0.01111111111111111,-0.019733333333333325,0.041955555555555545,24.74378020248822,22.870282007069015,26.617278397907427,0.8760565052231719,0.8338985802492751,0.9182144301970687,48.488888888888894,44.122084556085824,52.855693221691965,6.622222222222222,5.937017210457022,7.307427233987422,0.8989324755243228,0.8429565563983389,0.9549083946503066,-0.00197673326038057,-0.014975771132361461,0.011022304611600323
gppo_always,3.0,5,0.6868718548256508,0.6241589477158312,0.7495847619354704,0.01111111111111111,-0.019733333333333325,0.041955555555555545,23.05251119777528,21.30903417577098,24.795988219779584,0.8959461063627729,0.8174384694652224,0.9744537432603235,47.12222222222222,45.194506134320385,49.049938310124055,6.344444444444445,5.073256609930095,7.615632278958795,0.9052346445824707,0.8449048592855982,0.9655644298793432,0.0013876861747121438,-0.003483660092453267,0.006259032441877555
gppo_always,4.0,5,0.70068742319062,0.6634554265803227,0.7379194198009174,0.02222222222222222,-0.03946666666666665,0.08391111111111109,22.751788426549986,22.01847485270691,23.485102000393063,0.9138710826210825,0.8728168841222768,0.9549252811198883,46.66666666666667,44.62009652055319,48.71323681278015,5.988888888888889,5.182496886674973,6.795280891102805,0.9075047746371275,0.8649807268636557,0.9500288224105994,-0.0020770602859556675,-0.024220494021873304,0.02006637344996197
gppo_always,5.0,5,0.727907400846446,0.703389457509141,0.7524253441837511,0.02222222222222222,-0.015554352922033901,0.05999879736647834,23.344184366970083,21.981880972612903,24.706487761327264,0.9494836182336183,0.9210568314545684,0.9779104050126681,48.65555555555556,45.29952975009554,52.01158136101558,5.566666666666666,5.011895227131918,6.121438106201415,0.9299309653593542,0.8916240434334294,0.9682378872852789,-0.004156136041274294,-0.010950341834493508,0.0026380697519449202
gppo_always,6.0,5,0.7059813694217718,0.6316711881264434,0.7802915507171002,0.02222222222222222,-0.015554352922033901,0.05999879736647834,22.992268752513223,22.388570431513447,23.595967073513,0.9192960588793924,0.8378004203050388,1.0007916974537459,47.611111111111114,44.982085834288384,50.240136387933845,6.011111111111111,4.506831634844799,7.515390587377423,0.9214127993036663,0.842753740430684,1.0000718581766486,-0.006281348771881312,-0.013121937795591173,0.0005592402518285484
gppo_always,7.0,5,0.7166424577982886,0.6515558940064828,0.7817290215900944,0.02222222222222222,-0.015554352922033901,0.05999879736647834,22.52435194795945,20.78123728954495,24.267466606373947,0.9394586894586894,0.8425660452308446,1.0363513336865342,47.9,42.295470231330626,53.50452976866937,5.7,4.379980296443353,7.020019703556647,0.9316801535428987,0.8413195630917432,1.0220407439940542,-1.1257514415774495e-06,-0.0025052242529780334,0.002502972750094878
gppo_always,8.0,5,0.7077688297541239,0.6960759838102629,0.7194616756979849,0.02222222222222222,-0.015554352922033901,0.05999879736647834,22.993756059975418,21.956841497262143,24.030670622688692,0.9206433998100666,0.8971593148851185,0.9441274847350147,46.64444444444444,45.207113190408975,48.0817756984799,5.922222222222222,5.565171963976159,6.2792724804682845,0.9001894293070762,0.8634652418209108,0.9369136167932417,-0.007153072440996766,-0.024768263373343816,0.010462118491350283
gppo_always,9.0,5,0.7325810165963619,0.7138092816532503,0.7513527515394735,0.0,0.0,0.0,24.546802238865233,22.93809790916862,26.155506568561847,0.9541073124406457,0.9209598311903664,0.9872547936909251,51.766666666666666,49.537421920065945,53.995911413267386,5.466666666666667,5.0539961251902135,5.87933720814312,0.9772347777494836,0.9690969288412695,0.9853726266576978,0.00033441245323047043,-0.004772238609587317,0.005441063516048258
gppo_always,10.0,5,0.7173885564326741,0.677839738064735,0.7569373748006132,0.01111111111111111,-0.019733333333333325,0.041955555555555545,23.0823132095103,21.207463102936742,24.957163316083857,0.9335707502374169,0.8874630729245928,0.9796784275502409,47.08888888888889,43.9231608021745,50.25461697560328,5.666666666666666,4.7901741392499835,6.543159194083349,0.9215309962368785,0.8678190768829435,0.9752429155908136,-0.0025149617809802293,-0.017282467840290944,0.012252544278330484
gppo_always,11.0,5,0.7394241669731866,0.7072833156207854,0.7715650183255878,0.01111111111111111,-0.019733333333333325,0.041955555555555545,22.761796379152162,20.98498383891545,24.538608919388874,0.968684710351377,0.9323678412653,1.005001579437454,48.9,46.31642101966007,51.48357898033993,5.222222222222222,4.55888736274138,5.885557081703064,0.9521772032630942,0.9165724020147346,0.9877820045114538,-0.00407191847480135,-0.012299109727876983,0.004155272778274283
gppo_always,12.0,5,0.7360094606419256,0.6976540877704124,0.7743648335134389,0.03333333333333333,-0.02835555555555555,0.09502222222222222,23.034098488340554,21.885495608611077,24.18270136807003,0.9668684710351376,0.9257517202271933,1.0079852218430818,49.3,45.915322866684306,52.68467713331569,5.277777777777778,4.6002523311234125,5.955303224432143,0.9382425717939133,0.8699902646452161,1.0064948789426107,-0.0021860865643247964,-0.011654463115727546,0.007282289987077954
gppo_always,13.0,5,0.7281906483131974,0.6963604928221067,0.760020803804288,0.02222222222222222,-0.03946666666666665,0.08391111111111109,22.330458207199406,21.351004298464957,23.309912115933855,0.953116096866097,0.9155703397785754,0.9906618539536186,47.8,44.80491073724808,50.795089262751915,5.411111111111111,4.675356342518904,6.146865879703319,0.9350296622089035,0.8799458601883653,0.9901134642294417,0.0015918650231469655,-0.010400579225805768,0.013584309272099698
gppo_always,14.0,5,0.7219612220528674,0.6595520812125447,0.7843703628931901,0.0,0.0,0.0,23.201980491620002,21.81730343697641,24.586657546263595,0.9475546058879392,0.8704896672176706,1.0246195445582076,48.477777777777774,46.319988976341236,50.63556657921431,5.5777777777777775,4.305467811662388,6.850087743893167,0.9365939507115979,0.8661209108754332,1.0070669905477625,-0.0031690079733380115,-0.004652968692712018,-0.0016850472539640044
gppo_always,15.0,5,0.732872483204964,0.6594755479765616,0.8062694184333664,0.0,0.0,0.0,22.651687916754415,21.229134740447975,24.074241093060856,0.9576745014245015,0.8616124856635793,1.0537365171854236,47.81111111111111,45.31166414255147,50.31055807967075,5.433333333333333,3.833282423032178,7.0333842436344876,0.9454680559092322,0.8942874769994924,0.996648634818972,0.003914653556421399,-0.020806350516312785,0.028635657629155584
gppo_always,16.0,5,0.7218992219929985,0.6614119520264734,0.7823864919595236,0.0,0.0,0.0,23.184541192991894,22.196120957182433,24.172961428801354,0.947946343779677,0.8667761297950002,1.0291165577643537,49.55555555555556,47.00505382810498,52.10605728300614,5.544444444444444,4.35743416044477,6.731454728444119,0.9505390911305233,0.9033415983471584,0.9977365839138881,0.00011774513150157873,-0.010910453771423596,0.011145944034426754
gppo_always,17.0,5,0.7309772208546719,0.6703625350456598,0.791591906663684,0.03333333333333333,-0.004443241810922788,0.07110990847758945,22.97405116424284,21.701352856027725,24.246749472457957,0.9525522317188985,0.8816557840893877,1.0234486793484092,48.1888888888889,43.45987121436854,52.917906563409254,5.5,4.179619979880465,6.820380020119535,0.936580679116911,0.8393770973343541,1.033784260899468,0.0013610785582689761,-0.0014301810969314442,0.004152338213469397
gppo_always,18.0,5,0.7368090948866737,0.6893584639064491,0.7842597258668983,0.01111111111111111,-0.019733333333333325,0.041955555555555545,22.835926486312015,21.581957424677345,24.089895547946686,0.9568791547958215,0.8961042382477012,1.0176540713439417,48.7,47.164268770942904,50.2357312290571,5.3,4.377756269059388,6.222243730940612,0.9521497302624754,0.8971599597156701,1.0071395008092807,0.0029532756001572126,-0.0031830384557835103,0.009089589656097935
gppo_always,19.0,5,0.6934248346535219,0.6605759320525816,0.7262737372544622,0.0,0.0,0.0,23.556469435627662,22.355784177633915,24.75715469362141,0.9065764482431149,0.860159038834778,0.9529938576514518,48.74444444444445,46.399150850356676,51.08973803853222,6.199999999999999,5.441954242235867,6.958045757764132,0.9133599913395309,0.8568628876492668,0.9698570950297951,-0.0023257216438651086,-0.009827958252047459,0.0051765149643172425
gppo_always,20.0,5,0.7047366168689697,0.6687434939598411,0.7407297397780983,0.01111111111111111,-0.019733333333333325,0.041955555555555545,23.175595260444645,22.07333117514802,24.27785934574127,0.9167616334283002,0.8734617050833674,0.960061561773233,47.977777777777774,45.175512893443084,50.780042662112464,5.988888888888889,5.344837980694763,6.632939797083015,0.9242628667628667,0.8804503506422448,0.9680753828834887,-0.0008083750828518533,-0.005007578577746364,0.003390828412042658
gppo_always,21.0,5,0.7345657414588855,0.7026157242503502,0.7665157586674208,0.0,0.0,0.0,23.080389148143045,22.095868598837008,24.06490969744908,0.9655864197530866,0.9258590240882356,1.0053138154179375,48.9,47.12919575724112,50.67080424275888,5.388888888888888,4.707861995418719,6.0699157823590575,0.95015713302865,0.9024810965962767,0.9978331694610233,0.004984301450895146,-0.005221186971532886,0.015189789873323178
gppo_always,22.0,5,0.7621091281630499,0.7087958269801825,0.8154224293459172,0.02222222222222222,-0.03946666666666665,0.08391111111111109,22.133699180417818,21.260503882848667,23.006894477986968,0.9897732668566002,0.9229207287041372,1.0566258050090631,47.94444444444444,45.67784993578908,50.21103895309981,4.866666666666666,3.6400424049197477,6.093290928413585,0.9582275132275132,0.9074707966217038,1.0089842298333227,0.004922053726477316,-0.003831829877342115,0.013675937330296747
gppo_always,23.0,5,0.7542060990696967,0.7061747819330508,0.8022374162063426,0.01111111111111111,-0.019733333333333325,0.041955555555555545,22.226463562098893,21.639200690573517,22.813726433624268,0.9864316239316239,0.9128200073015647,1.060043240561683,48.044444444444444,46.180077010728326,49.90881187816056,5.0,3.9945941179531914,6.005405882046809,0.9540367777333835,0.907818403200608,1.000255152266159,0.00392761142575182,-0.007959089632427812,0.015814312483931454
gppo_always,24.0,5,0.7034864164521026,0.6771963481383048,0.7297764847659005,0.02222222222222222,-0.015554352922033901,0.05999879736647834,24.011292751475025,22.867134776236174,25.155450726713877,0.9150759734093068,0.8753272966545879,0.9548246501640257,50.011111111111106,48.10261500561564,51.91960721660657,5.977777777777778,5.3241957177915795,6.631359837763976,0.9343333073970328,0.9104955900216094,0.9581710247724562,-0.0015879795711953193,-0.006171586142487678,0.0029956270000970394
gppo_always,25.0,5,0.7284857624062655,0.6734728155802319,0.7834987092322991,0.02222222222222222,-0.015554352922033901,0.05999879736647834,23.39876435938742,21.937839708859443,24.8596890099154,0.9568554131054132,0.8885912150188344,1.025119611191992,49.955555555555556,49.36748537245926,50.543625738651855,5.544444444444443,4.439412357540891,6.649476531347996,0.9512264994564653,0.9119090897461988,0.9905439091667319,0.001889226766070351,-0.003298290056638075,0.007076743588778777
gppo_always,26.0,5,0.7252516369598638,0.6742061413354705,0.7762971325842571,0.01111111111111111,-0.019733333333333325,0.041955555555555545,23.199847904983745,21.605492970091134,24.794202839876355,0.9464981006647673,0.8780814774983641,1.0149147238311704,49.1,47.01349245145783,51.186507548542174,5.5666666666666655,4.422508224733507,6.710825108599824,0.9461301507134842,0.9140861171404251,0.9781741842865432,0.00042698766192188485,-0.01777681007416546,0.01863078539800923
gppo_always,27.0,5,0.7589148959246997,0.7250604149579422,0.7927693768914573,0.01111111111111111,-0.019733333333333325,0.041955555555555545,22.33842115159507,21.19755749569255,23.479284807497592,0.984449192782526,0.9426496822049548,1.026248703360097,48.56666666666667,45.55502610443993,51.57830722889341,4.855555555555556,4.1857977235145665,5.525313387596546,0.9641774891774892,0.916475264582708,1.0118797137722706,-0.0026605047634802757,-0.006982645999723696,0.0016616364727631448
gppo_always,28.0,5,0.7462554450853685,0.6813834671714954,0.8111274229992415,0.02222222222222222,-0.015554352922033901,0.05999879736647834,22.696544140389687,20.850154941975294,24.54293333880408,0.9790360873694208,0.8961740385956027,1.061898136143239,48.16666666666667,46.51497618659018,49.81835714674316,5.0,3.750895202530337,6.249104797469663,0.9388278089013383,0.8926117220536691,0.9850438957490075,0.0007577308686450123,-0.004028627653041762,0.005544089390331787
gppo_always,29.0,5,0.7002398405563368,0.6510586757052195,0.7494210054074542,0.02222222222222222,-0.015554352922033901,0.05999879736647834,22.03094493263687,20.925198802474192,23.13669106279955,0.9173254985754985,0.8589473297269548,0.9757036674240422,45.988888888888894,43.02140325378164,48.956374523996146,6.022222222222222,5.096118098806606,6.948326345637838,0.894882440899065,0.8377092655027942,0.9520556162953357,-0.004868500208249316,-0.015527390888113501,0.005790390471614869
gppo_always,30.0,5,0.7465484976553088,0.6984828593546087,0.7946141359560089,0.0,0.0,0.0,22.901318769055383,21.636489380141168,24.166148157969598,0.9736585944919278,0.9089303633088017,1.038386825675054,49.17777777777778,46.40074981995695,51.954805735598605,5.0888888888888895,4.134952447700504,6.0428253300772745,0.9584283898744683,0.9164282371427422,1.0004285426061945,0.0002342692285310477,-0.004325703709853106,0.004794242166915202
gppo_always,31.0,5,0.7319005864679352,0.6615694134041185,0.802231759531752,0.02222222222222222,-0.015554352922033901,0.05999879736647834,22.176018045931205,20.705379013442005,23.646657078420404,0.9544218898385564,0.8573713531473577,1.051472426529755,46.833333333333336,43.24522150276813,50.42144516389854,5.377777777777778,3.9086947406840467,6.84686081487151,0.9172374321871226,0.8424490070467952,0.9920258573274501,-0.003849029401317239,-0.023542439169761543,0.015844380367127063
gppo_always,32.0,5,0.7841108409516562,0.7463343241051399,0.8218873577981725,0.02222222222222222,-0.03946666666666665,0.08391111111111109,22.12564153327001,20.555254217228224,23.696028849311794,1.0197352801519468,0.968887203382629,1.0705833569212646,48.78888888888889,46.459469557439874,51.11830822033791,4.322222222222222,3.575557280425272,5.068887164019172,0.9746342368165628,0.9539611844892962,0.9953072891438294,-0.0025345440546516327,-0.008857529478768496,0.00378844136946523
gppo_always,33.0,5,0.7276358405777462,0.6735196012295612,0.7817520799259312,0.0,0.0,0.0,21.838351569471083,19.989781686812012,23.686921452130154,0.9578881766381766,0.8846695714893037,1.0311067817870496,45.955555555555556,40.306431132456495,51.604679978654616,5.566666666666666,4.445607946604617,6.687725386728716,0.9062699689010432,0.8177721746707214,0.994767763131365,0.007360057763192647,2.8034527347752837e-05,0.01469208099903754
gppo_always,34.0,5,0.7577726966207357,0.6889317101246721,0.8266136831167992,0.03333333333333333,-0.02835555555555555,0.09502222222222222,22.662826401799993,21.425915407213875,23.89973739638611,0.9823065052231719,0.8930588637542748,1.071554146692069,48.81111111111111,47.08299622924177,50.53922599298045,4.888888888888889,3.570311436190174,6.207466341587605,0.9630827886710239,0.908035546028426,1.018130031313622,0.0021179929608479142,-0.00352992232939386,0.007765908251089688
gppo_always,35.0,5,0.7454217242452537,0.6859431256769619,0.8049003228135454,0.03333333333333333,-0.004443241810922788,0.07110990847758945,22.082774121530825,21.21205906319441,22.95348917986724,0.9717533238366572,0.8946700732955037,1.0488365743778107,46.5,43.10290765434051,49.89709234565949,5.033333333333333,3.9004558964878555,6.166210770178811,0.9291273316529072,0.8431975897132175,1.0150570735925968,0.001920838725830739,-0.011093451370932811,0.014935128822594288
gppo_always,36.0,5,0.7509280126191891,0.7297969383763585,0.7720590868620196,0.03333333333333333,-0.004443241810922788,0.07110990847758945,22.381701052777437,21.168784065265402,23.594618040289472,0.9782288698955366,0.9534997606894637,1.0029579791016094,48.45555555555556,47.06037708137571,49.85073402973541,5.1,4.696656551091036,5.503343448908963,0.9554828042328042,0.9308082732402804,0.980157335225328,0.006456625823921059,-0.005147794623643313,0.01806104627148543
gppo_always,37.0,5,0.727310677308546,0.686836441651551,0.7677849129655411,0.01111111111111111,-0.019733333333333325,0.041955555555555545,22.164362688560935,21.605446722183913,22.723278654937957,0.9512998575498575,0.894194622630142,1.0084050924695729,47.05555555555556,44.13305461743196,49.978056493679155,5.444444444444445,4.577501536901929,6.31138735198696,0.9383278867102396,0.8748966403537294,1.00175913306675,0.008407326354063115,-0.0114682630262304,0.02828291573435663
gppo_always,38.0,5,0.7257105709475925,0.6355746115747658,0.8158465303204192,0.01111111111111111,-0.019733333333333325,0.041955555555555545,22.251414911175605,21.338947386264582,23.163882436086627,0.9571225071225072,0.8404405480269682,1.0738044662180464,46.06666666666668,43.49184826348118,48.64148506985217,5.5,3.8155148817575606,7.184485118242439,0.903626036354028,0.8157696559035101,0.991482416804546,-0.003995330794714392,-0.016721573883923938,0.008730912294495153
gppo_always,39.0,5,0.7105243269171232,0.6821470559092111,0.7389015979250353,0.01111111111111111,-0.019733333333333325,0.041955555555555545,22.771890080324482,21.484394594331484,24.05938556631748,0.9239316239316239,0.8826806951735184,0.9651825526897293,47.58888888888889,44.557882688684245,50.61989508909353,5.9,5.284268864190759,6.515731135809242,0.9243219195158666,0.901220676170141,0.9474231628615922,-0.0034866351285018026,-0.013443383115476043,0.006470112858472437
gppo_always,40.0,5,0.7392904028102237,0.6868403775250956,0.7917404280953518,0.01111111111111111,-0.019733333333333325,0.041955555555555545,22.092264778380606,20.130080241555962,24.05444931520525,0.9697174738841404,0.9044806657548411,1.0349542820134399,47.0,43.10730157637611,50.89269842362389,5.144444444444445,4.22737318127653,6.06151570761236,0.9249450361395667,0.8550587486079471,0.9948313236711863,-0.006281839685592179,-0.024276097360309133,0.011712417989124776
gppo_always,41.0,5,0.7393450817328525,0.6859328139025815,0.7927573495631235,0.03333333333333333,-0.004443241810922788,0.07110990847758945,23.089420480162538,22.0097647999225,24.169076160402575,0.9622447768281102,0.8938196128994199,1.0306699407568003,48.955555555555556,46.29353525306645,51.61757585804466,5.233333333333333,4.304920679231562,6.161745987435105,0.9549155066066831,0.9044396230214565,1.0053913901919098,-0.003364124952349812,-0.018710010543458454,0.011981760638758832
gppo_always,42.0,5,0.7449536652605706,0.7111967691514668,0.7787105613696744,0.01111111111111111,-0.019733333333333325,0.041955555555555545,22.928649571749734,20.847689831018908,25.00960931248056,0.9707086894586894,0.9216299386604228,1.019787440256956,49.06666666666667,45.71312226391388,52.42021106941946,5.0777777777777775,4.437059147287927,5.718496408267628,0.9521599305071172,0.9315257490140112,0.9727941120002233,-0.005717503318737727,-0.011958985248985355,0.0005239786115099022
gppo_always,43.0,5,0.7774772329514443,0.7695438649601558,0.7854106009427329,0.04444444444444444,-0.013260227253802548,0.10214911614269143,22.38188748565088,21.221135436494308,23.54263953480745,1.01170465337132,1.0016034080479472,1.021805898694693,49.42222222222222,47.279920672745845,51.56452377169859,4.4,4.24272357589185,4.557276424108151,0.9685939931528168,0.9504356673141787,0.9867523189914549,-0.0012181321770185604,-0.006645938032659521,0.004209673678622399
gppo_always,44.0,5,0.7389577574551999,0.6768983646616135,0.8010171502487863,0.02222222222222222,-0.015554352922033901,0.05999879736647834,22.78263516392914,21.739689896356456,23.825580431501823,0.9691832858499525,0.8956207863539195,1.0427457853459854,48.044444444444444,46.16166964112887,49.92721924776002,5.222222222222223,3.930985211722621,6.513459232721825,0.9302673561006894,0.8715894679134445,0.9889452442879344,0.0014200744277331977,-0.006851960828698808,0.009692109684165204
gppo_always,45.0,5,0.7348738111845529,0.6704545394237227,0.799293082945383,0.02222222222222222,-0.015554352922033901,0.05999879736647834,22.419113487922274,21.557986354957237,23.280240620887312,0.9635386989553657,0.8768475195537688,1.0502298783569626,48.13333333333333,45.777415363728664,50.489251302938,5.266666666666667,3.9992264459515354,6.534106887381798,0.9325925925925926,0.8597263326454598,1.0054588525397254,0.00707109457871411,0.0003003396169199849,0.013841849540508235
gppo_always,46.0,5,0.7385553126974697,0.6774755742989508,0.7996350510959885,0.03333333333333333,-0.02835555555555555,0.09502222222222222,23.414802865831405,21.479005621868282,25.350600109794527,0.9708808167141502,0.9021388157714486,1.0396228176568518,49.18888888888888,45.95147092855745,52.42630684922032,5.177777777777779,3.944578468943784,6.410977086611774,0.9354820815019025,0.871677947732213,0.999286215271592,-0.0004999383556423709,-0.013813231360810647,0.012813354649525904
gppo_always,47.0,5,0.7708245503588642,0.7444259766728881,0.7972231240448403,0.03333333333333333,-0.004443241810922788,0.07110990847758945,22.242834202361028,21.026296346680525,23.45937205804153,1.01582383665717,0.9799293727732298,1.05171830054111,48.41111111111111,45.70074605019094,51.12147617203128,4.622222222222223,4.022141197240421,5.2223032472040245,0.9587313612313613,0.9149466417548351,1.0025160807078874,-0.0014837237162282691,-0.007298392549663446,0.004330945117206907
gppo_always,48.0,5,0.7777988112973194,0.7585638572915862,0.7970337653030527,0.02222222222222222,-0.015554352922033901,0.05999879736647834,22.120399749407166,20.774997266767112,23.46580223204722,1.0277540360873694,0.9956122582198764,1.0598958139548624,48.3888888888889,45.566580085317604,51.211197692460196,4.444444444444445,4.0164951454975535,4.872393743391336,0.9642501697648758,0.9294377514452963,0.9990625880844552,-0.0018154791847337036,-0.013082805843039846,0.009451847473572438
gppo_always,49.0,5,0.7540194047285065,0.7163353024921195,0.7917035069648934,0.02222222222222222,-0.015554352922033901,0.05999879736647834,21.980228536016817,20.80047546894196,23.159981603091673,0.9812262583095916,0.93068720909112,1.0317653075280633,47.34444444444444,43.77314258519528,50.9157463036936,5.0,4.231979527021851,5.768020472978149,0.9434190584446338,0.891923296795265,0.9949148200940026,0.002461040015623439,-0.009205659265938007,0.014127739297184886
gppo_always,50.0,5,0.772072664082468,0.7419058016331788,0.8022395265317572,0.01111111111111111,-0.019733333333333325,0.041955555555555545,21.37041440087389,20.10211856003834,22.638710241709443,1.0079000474833806,0.970611054388995,1.0451890405777662,46.34444444444445,44.542352663440916,48.14653622544798,4.544444444444444,3.8489039320050575,5.239984956883831,0.9455984447651113,0.9347319857913283,0.9564649037388944,0.007487536652479321,-0.010306097747305797,0.025281171052264437
gppo_always,51.0,5,0.7549301283242034,0.6709807689983979,0.8388794876500089,0.02222222222222222,-0.03946666666666665,0.08391111111111109,21.81814749627086,20.051740584695583,23.584554407846138,0.9864613010446345,0.8810201842584683,1.0919024178308006,47.288888888888884,45.67625236596696,48.90152541181081,4.9,3.239405463600164,6.560594536399837,0.9438594276094276,0.9043845280304881,0.9833343271883672,0.0017009519535349682,-0.005837730899827853,0.00923963480689779
gppo_always,52.0,5,0.7664391709692222,0.7282240210001995,0.804654320938245,0.0,0.0,0.0,22.588069840921495,22.053367095119683,23.122772586723308,0.9998931623931624,0.9439347550066179,1.0558515697797068,49.077777777777776,46.85162928007436,51.30392627548119,4.644444444444444,3.870869713283092,5.418019175605796,0.9652606951871657,0.9311579778926834,0.9993634124816481,-0.004228252172470093,-0.011007866257897904,0.0025513619129577184
gppo_always,53.0,5,0.7252989983872337,0.6651579259311563,0.785440070843311,0.02222222222222222,-0.015554352922033901,0.05999879736647834,22.719525510702923,21.96706266518183,23.471988356224013,0.9508072174738841,0.8711230137664092,1.030491421181359,46.52222222222222,43.667402673666686,49.37704177077775,5.488888888888889,4.198204594549518,6.77957318322826,0.9071015830574654,0.8364764779751794,0.9777266881397513,0.0024395435000769796,-0.019806615613406305,0.024685702613560262
gppo_always,54.0,5,0.7922922502334268,0.7428272376627134,0.8417572628041401,0.01111111111111111,-0.019733333333333325,0.041955555555555545,21.16506647657464,19.9509800774705,22.37915287567878,1.0387642450142451,0.9698055764693501,1.1077229135591402,47.044444444444444,43.51636040356529,50.5725284853236,4.166666666666667,2.9377177832607333,5.3956155500726,0.9588148996972526,0.8957285745154066,1.0219012248790986,-0.012468147059553302,-0.04101293085618171,0.016076636737075108
gppo_always,55.0,5,0.7679771525796675,0.7361346683654166,0.7998196367939183,0.03333333333333333,-0.004443241810922788,0.07110990847758945,22.104179031323547,21.24737941756343,22.960978645083664,1.001798433048433,0.9634928579862254,1.0401040081106407,47.922222222222224,45.72240561303089,50.12203883141356,4.677777777777779,3.9856652828183163,5.3698902727372415,0.9414643839992138,0.9023427882701544,0.9805859797282733,0.004291201266460121,-0.0020433709722387124,0.010625773505158954
gppo_always,56.0,5,0.7664275642184849,0.729338580003732,0.8035165484332378,0.02222222222222222,-0.015554352922033901,0.05999879736647834,22.5448460278133,21.654132003863538,23.435560051763062,1.0048314339981008,0.9594981318123432,1.0501647361838584,49.266666666666666,47.55320294717195,50.980130386161385,4.666666666666666,3.996198969209635,5.337134364123697,0.9753984810144232,0.9325423354887008,1.0182546265401455,-0.0009054070571437478,-0.007960943225525537,0.006150129111238041
gppo_always,57.0,5,0.7521211213954182,0.7414677344096241,0.7627745083812123,0.02222222222222222,-0.015554352922033901,0.05999879736647834,21.368176359801193,20.35978313360573,22.376569585996656,0.986568138651472,0.9679286162634149,1.005207661039529,46.06666666666667,44.37204582863494,47.7612875046984,5.0,4.817521805801283,5.182478194198717,0.9332986140584179,0.9073598092703353,0.9592374188465004,0.012203077238518744,0.0002652886665960256,0.02414086581044146
gppo_always,58.0,5,0.7584677555078461,0.7154168822986662,0.801518628717026,0.02222222222222222,-0.015554352922033901,0.05999879736647834,22.00168582686811,21.402653028851738,22.60071862488448,1.0007300569800568,0.9403192176004382,1.0611408963596753,47.711111111111116,44.30060251835921,51.12161970386302,4.8999999999999995,4.049118109195661,5.7508818908043375,0.954445646945647,0.8846588379808585,1.0242324559104354,-0.006826083740452305,-0.0113489120474396,-0.00230325543346501
gppo_always,59.0,5,0.7792649298776749,0.7302064641641681,0.8283233955911817,0.04444444444444444,-0.04548179144494752,0.1343706803338364,21.37007896246717,19.924472040515656,22.81568588441868,1.0146664292497625,0.9547794856036401,1.074553372895885,46.777777777777786,44.063291419798745,49.49226413575683,4.411111111111111,3.4168860040771007,5.4053362181451226,0.9598883442265794,0.9138847240394261,1.0058919644137327,0.0009675449458882212,-0.014629132464133426,0.016564222355909868
gppo_always,60.0,5,0.7540002222525668,0.7296813760089471,0.7783190684961865,0.05555555555555556,-0.028915434424130047,0.14002654553524116,22.251730514700306,21.169187324084632,23.33427370531598,0.9822352801519469,0.9543485541174027,1.010122006186491,47.96666666666667,45.49016316812854,50.4431701652048,4.911111111111111,4.47327207647976,5.348950145742463,0.9536893909610628,0.9066423550537451,1.0007364268683805,-0.002375806012423709,-0.013313453007516659,0.00856184098266924
gppo_always,61.0,5,0.7438217362082171,0.6652582930035481,0.8223851794128861,0.03333333333333333,-0.02835555555555555,0.09502222222222222,21.614595643678733,20.60742413115989,22.621767156197578,0.9704237891737891,0.8730277491920707,1.0678198291555077,46.3,42.55312992933839,50.046870070661605,5.144444444444444,3.542759236859155,6.746129652029733,0.9276124338624339,0.8464905031628037,1.008734364562064,-0.00871279627608601,-0.014972499491127668,-0.002453093061044352
gppo_always,62.0,5,0.7483272978963292,0.6896433014633507,0.8070112943293077,0.04444444444444444,-0.031108705844067802,0.11999759473295668,22.329652367433233,20.31708812600882,24.342216608857647,0.9884318613485281,0.9096520167518289,1.0672117059452273,48.077777777777776,45.64634326587354,50.50921228968201,5.044444444444444,3.946971543910036,6.141917344978852,0.9394770767563203,0.8874969511552915,0.9914572023573491,0.003002236716565676,-0.007794562453380322,0.013799035886511674
gppo_always,63.0,5,0.7571330659331512,0.6836558309840003,0.8306103008823021,0.02222222222222222,-0.015554352922033901,0.05999879736647834,22.82144453613358,20.658106413232876,24.984782659034284,0.9830603038936372,0.8805392473959893,1.085581360391285,49.666666666666664,47.07637600563228,52.25695732770105,4.866666666666666,3.406352413999382,6.32698091933395,0.9719108569353667,0.961356480015183,0.9824652338555504,0.0028090457402868197,-0.004506499705867821,0.010124591186441462
gppo_always,64.0,5,0.7445405030699148,0.6792623635685078,0.8098186425713219,0.04444444444444444,-0.013260227253802548,0.10214911614269143,22.370857284643325,20.46941204213676,24.27230252714989,0.9757775403608736,0.8952554091783157,1.0562996715434314,47.81111111111111,44.97007154342023,50.65215067880199,5.122222222222222,3.6801001260573676,6.564344318387076,0.9456768313385959,0.9071046009428999,0.9842490617342919,-0.0012429694077582098,-0.011330212639528648,0.00884427382401223
gppo_always,65.0,5,0.757923301951435,0.6974823117178632,0.8183642921850067,0.02222222222222222,-0.015554352922033901,0.05999879736647834,21.119585066459678,20.357910755760876,21.88125937715848,0.987838319088319,0.9068155800287192,1.0688610581479188,45.422222222222224,42.07250987518387,48.77193456926058,4.844444444444444,3.5620794795417545,6.126809409347134,0.920163139329806,0.8683257980362596,0.9720004806233523,-0.002846911493300771,-0.016337496559241646,0.010643673572640105
gppo_always,66.0,5,0.7663805067481538,0.7166140314513995,0.8161469820449082,0.02222222222222222,-0.015554352922033901,0.05999879736647834,22.074116539820125,20.67377395255902,23.47445912708123,0.9988366571699905,0.9267972057538818,1.0708761085860992,47.711111111111116,44.30723415637803,51.1149880658442,4.611111111111112,3.4601131501342737,5.7621090720879495,0.9586409968027615,0.8782225972447392,1.0390593963607837,0.016572658578661505,-0.025657910859836736,0.058803228017159745
gppo_always,67.0,5,0.7361582984248102,0.6915632498025862,0.7807533470470341,0.01111111111111111,-0.019733333333333325,0.041955555555555545,22.811556418629614,21.606484734381283,24.016628102877945,0.9613010446343779,0.9114864887685633,1.0111156005001927,48.855555555555554,47.62023651824146,50.090874592869646,5.322222222222221,4.4533609939043295,6.191083450540113,0.9428281413575531,0.9106838736039552,0.974972409111151,0.0017024311950081029,-0.005404616525763175,0.00880947891577938
gppo_always,68.0,5,0.771285222623671,0.7176951076076772,0.8248753376396649,0.01111111111111111,-0.019733333333333325,0.041955555555555545,22.64489527339715,20.635910406819807,24.653880139974493,1.0093601614434946,0.9406230765668621,1.078097246320127,48.78888888888889,45.33644609623566,52.24133168154212,4.588888888888889,3.5241969260177166,5.6535808517600605,0.9596213920350749,0.9103055423028577,1.0089372417672922,0.0012881427130196244,-0.00616050162339698,0.008736787049436229
gppo_always,69.0,5,0.7570671987099165,0.7094286272610756,0.8047057701587573,0.01111111111111111,-0.019733333333333325,0.041955555555555545,22.482120844496965,21.379353636568364,23.584888052425566,0.9903133903133903,0.9317984838375339,1.0488282967892466,48.56666666666666,46.17179864494157,50.96153468839176,4.844444444444445,3.7448064739410434,5.944082414947847,0.9479742145800835,0.9023113443672002,0.9936370847929668,-0.005837166047422215,-0.010804530696119167,-0.0008698013987252628
gppo_always,70.0,5,0.776740432375556,0.7464806333942319,0.8070002313568801,0.01111111111111111,-0.019733333333333325,0.041955555555555545,21.58459814996802,20.854029231258906,22.315167068677134,1.0088259734093068,0.9727202606550952,1.0449316861635185,47.41111111111111,46.6562094803679,48.166012741854324,4.4,3.759652693001488,5.0403473069985125,0.9587457205104265,0.9276403042030675,0.9898511368177855,-0.004492168838623911,-0.013335208106715717,0.004350870429467895
gppo_always,71.0,5,0.743249256663579,0.7115815736505687,0.7749169396765893,0.0,0.0,0.0,23.007399205963353,21.9651832541401,24.049615157786604,0.9732549857549857,0.941428976104284,1.0050809954056874,48.6,47.171965511361606,50.0280344886384,5.044444444444445,4.513776556859772,5.575112332029119,0.9423378699305809,0.9075654082927787,0.9771103315683831,-0.0030413712898734956,-0.008631079704282483,0.002548337124535491
gppo_always,72.0,5,0.7328037295903653,0.6650920544301745,0.8005154047505562,0.02222222222222222,-0.015554352922033901,0.05999879736647834,21.738061557505556,20.85687908980131,22.619244025209802,0.9691179962013295,0.8781942394811626,1.0600417529214965,45.48888888888889,42.47685347650874,48.50092430126904,5.2444444444444445,3.895022031925886,6.593866856963003,0.9037868568480023,0.8344707319012311,0.9731029817947735,-0.0013293300037427493,-0.010878034794464779,0.00821937478697928
gppo_always,73.0,5,0.7567868932084618,0.7163083530943073,0.7972654333226163,0.02222222222222222,-0.015554352922033901,0.05999879736647834,21.384083694790075,19.159158553149904,23.609008836430245,0.9963141025641026,0.947952467056957,1.0446757380712481,46.766666666666666,42.289332328326054,51.24400100500728,4.788888888888889,3.9635478059359825,5.614229971841795,0.9394838676211226,0.8878335765883507,0.9911341586538944,0.0013876913018369425,-0.007218867289574613,0.009994249893248498
gppo_always,74.0,5,0.762236189974838,0.7261330551374673,0.7983393248122087,0.02222222222222222,-0.03946666666666665,0.08391111111111109,22.30111826030696,20.61392177435436,23.98831474625956,1.00679012345679,0.9615738772350955,1.0520063696784845,48.955555555555556,46.069332917222766,51.841778193888345,4.788888888888889,4.133852806949905,5.443924970827872,0.9602693249016779,0.9404630191058854,0.9800756306974705,0.00023140865760069574,-0.005738331914998048,0.00620114923019944
gppo_always,75.0,5,0.7513220911260127,0.7177581446595592,0.7848860375924661,0.05555555555555556,0.006786206752069895,0.10432490435904122,22.670219431239644,20.230345133953726,25.110093728525563,0.9780151946818615,0.9352443326598275,1.0207860567038956,48.03333333333334,44.067512562276214,51.99915410439046,5.055555555555555,4.397621069718006,5.713490041393105,0.9313304494185164,0.8929158302059687,0.9697450686310641,0.0035917169705498965,-0.002907451806112551,0.010090885747212345
gppo_always,76.0,5,0.7526496714188531,0.7081471954632936,0.7971521473744125,0.0,0.0,0.0,22.34261602135414,20.916632352334265,23.768599690374014,0.9866571699905033,0.9259121864938802,1.0474021534871265,48.11111111111111,44.03310693210999,52.18911529011223,5.0,4.039355237096549,5.960644762903451,0.9480758196998605,0.8875592887221675,1.0085923506775536,-0.009860764199402183,-0.03001061054721193,0.010289082148407562
gppo_always,77.0,5,0.7553916123191373,0.6628568297464923,0.8479263948917823,0.02222222222222222,-0.03946666666666665,0.08391111111111109,21.886050847971557,20.66629306545712,23.105808630485996,0.981980056980057,0.8537544017547611,1.1102057122053528,47.4,45.232423263038356,49.56757673696164,4.9,2.8479749545484365,6.952025045451564,0.9443218544727833,0.860810416798444,1.0278332921471225,0.002085880587401334,-0.008673768863661948,0.012845530038464616
gppo_always,78.0,5,0.7652601082886675,0.6668778546506039,0.8636423619267312,0.04444444444444444,0.013600000000000004,0.07528888888888888,21.750062160561903,19.935846175795014,23.564278145328792,1.0036443494776828,0.8821512121723974,1.1251374867829682,47.8,46.038487847134924,49.56151215286507,4.733333333333333,2.7647182302221305,6.701948436444536,0.9520177020834915,0.8931973999898212,1.0108380041771619,-0.0003136777420877479,-0.012498043244782719,0.011870687760607224
gppo_always,79.0,5,0.7506092908543889,0.7010114065211505,0.8002071751876273,0.05555555555555556,-0.04198314205141577,0.1530942531625269,21.5050415748918,19.265963610357854,23.744119539425743,0.9752730294396962,0.9276213073445845,1.0229247515348079,46.166666666666664,42.118810715977354,50.214522617355975,5.011111111111111,4.151884314278598,5.870337907943624,0.9302638905803867,0.8832289744807919,0.9772988066799816,0.01090812022157479,-0.007943991688062143,0.029760232131211723
gppo_always,80.0,5,0.772609376351917,0.6959149047445643,0.8493038479592696,0.01111111111111111,-0.019733333333333325,0.041955555555555545,20.979450864226724,20.222708210373543,21.736193518079904,1.0136396011396012,0.9172158864465652,1.1100633158326372,46.5,44.29510759031838,48.70489240968162,4.544444444444444,2.967602351940773,6.121286536948116,0.9417771722215458,0.8855129130557253,0.9980414313873662,-0.0037214723182842136,-0.02483222016005626,0.01738927552348783
gppo_always,81.0,5,0.7477280674614883,0.7077500047503827,0.7877061301725939,0.01111111111111111,-0.019733333333333325,0.041955555555555545,22.174474396618052,20.99029444085321,23.358654352382896,0.9807989078822412,0.9314227817129785,1.030175034051504,48.64444444444444,44.59670601196418,52.6921828769247,5.111111111111112,4.192226172250866,6.029996049971357,0.9504045545168733,0.9007209820283738,1.0000881270053728,-0.0002023004402872175,-0.006381311851147035,0.005976710970572601
gppo_always,82.0,5,0.74737646427331,0.71049071017559,0.7842622183710299,0.01111111111111111,-0.019733333333333325,0.041955555555555545,22.080084559452075,20.81650069441282,23.34366842449133,0.9851495726495726,0.9312821095813109,1.0390170357178343,47.93333333333334,45.0335454190792,50.83312124758747,5.022222222222222,4.288085565922145,5.756358878522299,0.9499090696884813,0.8959111270206717,1.003907012356291,-0.00160543751262594,-0.009465627467918888,0.006254752442667009
gppo_always,83.0,5,0.7850641669576476,0.7574707988320628,0.8126575350832324,0.01111111111111111,-0.019733333333333325,0.041955555555555545,21.876870706817183,21.003731964775902,22.750009448858464,1.02951685660019,0.9928316072895106,1.0662021059108693,48.57777777777778,46.222364644137855,50.93319091141771,4.322222222222222,3.6164975586736534,5.02794688577079,0.9735173513849984,0.9357238661438849,1.0113108366261119,-0.0020238320663338526,-0.019543538276714,0.015495874144046297
gppo_always,84.0,5,0.7849858243846892,0.7571913794557017,0.8127802693136768,0.02222222222222222,-0.015554352922033901,0.05999879736647834,22.02633850408182,20.39145951248994,23.6612174956737,1.024934710351377,0.9925755705045026,1.0572938501982514,48.977777777777774,46.05056037106319,51.90499518449236,4.311111111111112,3.7246609591452855,4.8975612630769385,0.9794642857142858,0.9582780525055199,1.0006505189230517,-0.0038511637423653154,-0.013898740344726046,0.006196412859995416
gppo_always,85.0,5,0.758863596382778,0.7198584285845107,0.7978687641810454,0.0,0.0,0.0,21.852394116208945,20.333648641860538,23.371139590557352,0.996949192782526,0.94125936180145,1.052639023763602,47.53333333333334,44.40121706410727,50.665449602559406,4.688888888888888,3.962896889477134,5.414880888300643,0.9491546416546417,0.9132312224157482,0.9850780608935352,0.004080945908208377,-0.005380608452923746,0.0135425002693405
gppo_always,86.0,5,0.7796638717510751,0.7267602318215207,0.8325675116806295,0.03333333333333333,-0.02835555555555555,0.09502222222222222,20.83686286790885,19.30656269474506,22.367163041072637,1.0251721272554606,0.9566602669780376,1.0936839875328834,46.62222222222222,43.87880004788108,49.36564439656336,4.366666666666666,3.3053308914973183,5.428002441836014,0.9536559809108829,0.9072533510036827,1.0000586108180831,0.006784412718843669,-0.012985627659484751,0.02655445309717209
gppo_always,87.0,5,0.7738383410248735,0.7440016649128588,0.8036750171368882,0.02222222222222222,-0.03946666666666665,0.08391111111111109,21.852540336225474,20.75789536145677,22.947185310994175,1.0189161918328584,0.9827466606614618,1.055085723004255,47.72222222222222,45.397095247858545,50.0473491965859,4.5,3.825994189862754,5.1740058101372455,0.9401663813673619,0.9295971319238893,0.9507356308108345,0.0023225809545692755,-0.008010095821410606,0.012655257730549157
gppo_always,88.0,5,0.7778575083231946,0.733033557382143,0.8226814592642461,0.02222222222222222,-0.03946666666666665,0.08391111111111109,21.645223106410892,20.73369055469706,22.556755658124725,1.0157110636277304,0.9614849695782853,1.0699371576771757,46.7,44.9884807159272,48.4115192840728,4.511111111111111,3.529162344752557,5.4930598774696655,0.9517893453677768,0.9018682338366462,1.0017104568989075,-0.0073746626847423615,-0.014578492889238489,-0.00017083248024623437
gppo_always,89.0,5,0.7631826570784258,0.7150454292660949,0.8113198848907567,0.04444444444444444,-0.04548179144494752,0.1343706803338364,21.880297229508606,20.744848364129123,23.01574609488809,0.9932098765432098,0.9331204291506527,1.0532993239357669,46.577777777777776,43.645689249311175,49.509866306244376,4.7444444444444445,3.8351870521554963,5.653701836733393,0.9232154882154882,0.8667164085274905,0.9797145679034858,0.006372686086979229,-0.005548203547425599,0.018293575721384056
gppo_always,90.0,5,0.7479117618084841,0.7159836367108363,0.7798398869061318,0.02222222222222222,-0.015554352922033901,0.05999879736647834,22.332472018772503,20.891589347054754,23.77335469049025,0.9877611585944919,0.9448154015225727,1.030706915666411,48.18888888888888,44.67255458154727,51.7052231962305,5.011111111111111,4.40707954297196,5.615142679250262,0.9397079709076614,0.8793125335725726,1.0001034082427502,-0.002706798573490232,-0.015254108950138977,0.009840511803158512
gppo_always,91.0,5,0.7597018750407498,0.7116915407936748,0.8077122092878248,0.04444444444444444,-0.013260227253802562,0.10214911614269144,22.014023634281514,20.02096979003822,24.00707747852481,0.9916013770180439,0.9292010224709443,1.0540017315651435,47.28888888888889,43.2520946037239,51.325683174053886,4.7666666666666675,3.8629191809027006,5.670414152430634,0.9373982446957163,0.8761011763806372,0.9986953130107954,-0.004859487243084004,-0.01592468227007181,0.006205707783903803
gppo_always,92.0,5,0.7625614926105122,0.7288204642747311,0.7963025209462933,0.01111111111111111,-0.019733333333333325,0.041955555555555545,21.952211853695992,20.469967511853252,23.434456195538733,0.9994005223171889,0.9562480604472445,1.0425529841871333,48.03333333333333,43.745068037504794,52.32159862916187,4.7444444444444445,4.116852843339253,5.372036045549636,0.9474849569457412,0.8871921177726264,1.007777796118856,0.007531479193130508,-0.01177284512827887,0.026835803514539888
gppo_always,93.0,5,0.7336606099766797,0.6812786634040616,0.7860425565492978,0.03333333333333333,-0.004443241810922788,0.07110990847758945,21.45452854124826,19.671400615464766,23.23765646703175,0.954855175688509,0.8752725827493811,1.0344377686276367,45.8,42.123295645336036,49.47670435466396,5.333333333333334,4.15779979856794,6.508866868098728,0.9150377373171491,0.8595987085595633,0.9704767660747349,0.012702174685182399,-0.00549666224539948,0.03090101161576428
gppo_always,94.0,5,0.7796088923785002,0.7206682791715434,0.8385495055854569,0.0,0.0,0.0,21.30143378252378,20.503513223913572,22.09935434113399,1.0175273029439695,0.9471866808459509,1.087867925041988,46.65555555555556,44.18106973202288,49.13004137908824,4.4222222222222225,3.236013701423786,5.608430743020659,0.9487913069711315,0.895613911224078,1.001968702718185,-0.0019985161517979575,-0.01928501346462986,0.015287981161033942
gppo_always,95.0,5,0.7753268973377669,0.7224830311878605,0.8281707634876734,0.0,0.0,0.0,21.37050474584247,20.63653260777753,22.104476883907413,1.0128442545109213,0.9392371189883066,1.086451390033536,46.8,44.20759829968377,49.39240170031623,4.466666666666667,3.3635734230115664,5.569759910321768,0.9457322524969584,0.8977642784213407,0.9937002265725761,-0.007549197063781321,-0.018547428189636096,0.003449034062073454
gppo_always,96.0,5,0.7998796114844707,0.7533849145447643,0.8463743084241772,0.04444444444444444,-0.013260227253802562,0.10214911614269144,21.20608606865033,20.21470547823939,22.197466659061266,1.0409840930674263,0.9793414600129233,1.1026267261219294,47.144444444444446,44.86289358614381,49.42599530274508,3.9666666666666663,3.155569200723603,4.77776413260973,0.9482448623571811,0.9202286772638677,0.9762610474504945,-0.0007938506962091197,-0.01999899073255672,0.01841128934013848
gppo_always,97.0,5,0.7672194912220487,0.7230811977754934,0.811357784668604,0.01111111111111111,-0.019733333333333325,0.041955555555555545,22.000370462050245,21.278421818851186,22.722319105249305,1.0089387464387465,0.951745923002806,1.066131569874687,47.77777777777778,44.634896888144866,50.92065866741069,4.722222222222223,3.9061549289427453,5.538289515501701,0.9603191579662168,0.9035950149688734,1.0170433009635602,0.00668183162342757,-0.010009141007831984,0.023372804254687123
gppo_always,98.0,5,0.7542604622730369,0.7165439617775826,0.7919769627684912,0.04444444444444444,-0.013260227253802562,0.10214911614269144,22.577597070866528,19.45343264682724,25.701761494905817,0.9855650522317191,0.9320899702918404,1.0390401341715978,48.43333333333334,43.358180158779376,53.5084865078873,4.9222222222222225,4.19133253741471,5.653111907029735,0.9477054037103058,0.9018729891115773,0.9935378183090342,0.014394809218356387,-0.01101525397449498,0.03980487241120775
gppo_always,99.0,5,0.745947500212206,0.6796471120130957,0.8122478884113163,0.01111111111111111,-0.019733333333333325,0.041955555555555545,21.5613812770095,20.16196262750154,22.960799926517456,0.9782763532763534,0.9026096808105504,1.0539430257421565,46.37777777777778,44.58229725899365,48.17325829656191,5.0,3.7143008435144504,6.285699156485549,0.9309415584415586,0.8746673111747296,0.9872158057083875,0.005910575285088271,-0.021956437826605963,0.03377758839678251
gppo_always,100.0,5,0.7315942808099671,0.6845062243807777,0.7786823372391566,0.03333333333333333,-0.02835555555555555,0.09502222222222222,22.359545113285115,20.190336801490147,24.528753425080083,0.9527065527065526,0.8997492032729664,1.0056639021401388,46.52222222222222,41.67890777011659,51.36553667432785,5.244444444444445,4.533347869593018,5.955541019295873,0.912956219524847,0.8221063832750157,1.0038060557746782,-0.0016068293363787234,-0.009758572915852484,0.006544914243095037
gppo_event,1.0,5,0.6956220232200623,0.6253053913092591,0.7659386551308655,0.02222222222222222,-0.015554352922033901,0.05999879736647834,23.44892331301393,22.75946250465469,24.138384121373168,0.9057514245014247,0.812243044600462,0.9992598044023873,23.96666666666667,22.47892173034339,25.454411602989946,6.211111111111111,4.809978668943767,7.612243553278455,0.9191532387365722,0.8568595740990683,0.981446903374076,-0.00014124325170996598,-0.0041752903881763365,0.0038928038847564042
gppo_event,2.0,5,0.6830298337273255,0.6513953956989762,0.7146642717556748,0.01111111111111111,-0.019733333333333325,0.041955555555555545,24.680226679895338,23.864315729265584,25.49613763052509,0.8910790598290598,0.8519700715909989,0.9301880480671206,24.077777777777776,22.22159304133518,25.933962514220372,6.411111111111111,5.759351140145506,7.062871082076716,0.9071203062121536,0.8520078442554556,0.9622327681688515,-0.004813314820057713,-0.016054664802204837,0.006428035162089411
gppo_event,3.0,5,0.6790008949939066,0.6094098867490989,0.7485919032387143,0.01111111111111111,-0.019733333333333325,0.041955555555555545,23.77204629583023,22.03920185055491,25.504890741105548,0.8881588319088319,0.8014978229650829,0.974819840852581,23.255555555555553,21.7377393373991,24.773371773712007,6.5,4.977958706616199,8.0220412933838,0.8980926501035196,0.8233444092314767,0.9728408909755625,0.0040249087091069665,-0.00429122864905537,0.012341046067269303
gppo_event,4.0,5,0.7087421017301665,0.661329711521328,0.756154491939005,0.03333333333333333,-0.02835555555555555,0.09502222222222222,22.95566629008083,22.480109210770376,23.431223369391287,0.9245726495726496,0.8740307802682904,0.9751145188770088,23.444444444444443,22.510158126736222,24.378730762152664,5.888888888888888,4.803839376449735,6.973938401328041,0.9133730589293249,0.8667605080562167,0.959985609802433,0.001845026231603697,-0.005555185081171551,0.009245237544378945
gppo_event,5.0,5,0.7143094608653006,0.7024988216675918,0.7261201000630093,0.03333333333333333,-0.004443241810922788,0.07110990847758945,23.0875114873558,21.300809268089207,24.874213706622395,0.9295287274453943,0.9035925935193495,0.955464861371439,23.88888888888889,22.423371986020626,25.354405791757152,5.855555555555555,5.568685639666881,6.14242547144423,0.9265850057633944,0.8945438571777259,0.958626154349063,-0.004408589494414627,-0.01329791060426342,0.0044807316154341645
gppo_event,6.0,5,0.713587646825521,0.6487496164716708,0.7784256771793712,0.04444444444444444,-0.013260227253802548,0.10214911614269143,23.13394952429967,21.8631005573323,24.40479849126704,0.9313924501424502,0.8599357943208507,1.0028491059640496,23.77777777777778,22.34591767012018,25.209637885435377,5.822222222222222,4.569884598830286,7.074559845614158,0.9302417616878401,0.8558502995900668,1.0046332237856135,-0.00040393750969087706,-0.0072292302897461825,0.006421355270364428
gppo_event,7.0,5,0.7228990411511051,0.6479631990764217,0.7978348832257885,0.01111111111111111,-0.019733333333333325,0.041955555555555545,22.480792262014972,20.881893440337056,24.07969108369289,0.9465990028490028,0.838878254680848,1.0543197510171576,23.366666666666667,20.661571960216598,26.071761373116736,5.588888888888889,4.065597971901008,7.112179805876769,0.9271494708994709,0.8354725007662708,1.018826441032671,0.002772922507332017,-0.003465167132854281,0.009011012147518314
gppo_event,8.0,5,0.7039600604551585,0.6872999432639255,0.7206201776463914,0.04444444444444444,-0.013260227253802562,0.10214911614269144,23.113810490578626,21.61261704618797,24.61500393496928,0.9167675688509023,0.8929329677218908,0.9406021699799137,22.92222222222222,22.136445243841532,23.70799920060291,5.977777777777778,5.716964334210006,6.238591221345549,0.8900845718173084,0.8505227518960989,0.9296463917385178,-0.00580809995153686,-0.03189207220986697,0.02027587230679325
gppo_event,9.0,5,0.7330082089928638,0.715204337348961,0.7508120806367665,0.02222222222222222,-0.015554352922033901,0.05999879736647834,24.412764580025783,23.121752827378984,25.703776332672582,0.9538283475783477,0.9396366665383166,0.9680200286183788,25.144444444444442,24.13126195664659,26.157626932242295,5.488888888888889,5.007577170896751,5.9702006068810265,0.9781871587018646,0.9676819016117613,0.9886924157919679,0.0008933448087191209,-0.0032812986443545708,0.005067988261792813
gppo_event,10.0,5,0.721148742325213,0.6669140248006286,0.7753834598497974,0.03333333333333333,-0.004443241810922788,0.07110990847758945,22.812003449809005,21.119008281980538,24.504998617637472,0.9417794396961063,0.8711482931189136,1.012410586273299,23.011111111111113,21.36634719859928,24.655875023622947,5.522222222222222,4.379936211033245,6.664508233411199,0.9183828480887305,0.8668033426313251,0.9699623535461359,0.004255224828375504,-0.03182804340990526,0.04033849306665627
gppo_event,11.0,5,0.7431207264050401,0.7368077729009216,0.7494336799091587,0.03333333333333333,-0.02835555555555555,0.09502222222222222,23.09298545614006,21.342144899229062,24.843826013051057,0.9718720322886989,0.9631529209188393,0.9805911436585585,24.7,23.685644439576063,25.714355560423936,5.177777777777779,5.020501353669628,5.33505420188593,0.9596665181224004,0.92947640616561,0.9898566300791909,-0.0016865479701664299,-0.008039301094161493,0.0046662051538286335
gppo_event,12.0,5,0.7223651696808133,0.6660891435142478,0.7786411958473789,0.02222222222222222,-0.015554352922033901,0.05999879736647834,23.62956616412251,22.336890064919096,24.922242263325927,0.9493530389363721,0.8818183205796007,1.0168877572931436,24.9,23.01217888690116,26.787821113098836,5.533333333333333,4.435643733635882,6.631022933030785,0.937374688578249,0.8617159586670466,1.0130334184894514,0.0004180995747447014,-0.005208724484956074,0.006044923634445477
gppo_event,13.0,5,0.7313463415669299,0.689196670744287,0.7734960123895728,0.02222222222222222,-0.015554352922033901,0.05999879736647834,22.169017984694758,20.648690937498287,23.68934503189123,0.9578110161443494,0.9051196021305118,1.010502430158187,23.8,22.31385461788218,25.286145382117823,5.333333333333334,4.466390425790818,6.20027624087585,0.9351636462665874,0.8860826668702445,0.9842446256629304,-0.0031767130276421085,-0.00981750932197064,0.0034640832666864236
gppo_event,14.0,5,0.7238399769218186,0.6248780703305221,0.822801883513115,0.02222222222222222,-0.015554352922033901,0.05999879736647834,22.904815545913227,20.67995060098771,25.129680490838744,0.9504036087369421,0.8215504372295951,1.0792567802442892,24.077777777777776,22.779560063912882,25.37599549164267,5.533333333333333,3.496315220236049,7.570351446430617,0.9352888360731496,0.8558517639322792,1.01472590821402,0.00481256548082456,-0.0007892397846580032,0.010414370746307123
gppo_event,15.0,5,0.7420948847259587,0.6736078390994401,0.8105819303524774,0.0,0.0,0.0,22.205680069561232,21.175844622547988,23.235515516574477,0.9700795346628679,0.8789001033779956,1.0612589659477403,23.599999999999998,21.595467040141145,25.60453295985885,5.222222222222222,3.799527446561836,6.644916997882609,0.9435345047109752,0.888329231729154,0.9987397776927964,-0.00767112057947088,-0.016745172452314796,0.0014029312933730364
gppo_event,16.0,5,0.7314826973096369,0.6869287607029724,0.7760366339163014,0.0,0.0,0.0,23.150342832496605,22.262277318724855,24.038408346268355,0.9618055555555557,0.9019070045037854,1.021704106607326,24.633333333333333,22.793881759670178,26.472784906996488,5.344444444444444,4.400785899795539,6.288102989093349,0.9503908544093965,0.9092774593352135,0.9915042494835795,0.003018153121229261,-0.0006844311962649328,0.006720737438723454
gppo_event,17.0,5,0.7367215337313378,0.6568238662946448,0.8166192011680307,0.02222222222222222,-0.015554352922033901,0.05999879736647834,22.41807527395729,21.188918721968903,23.647231825945674,0.9622625830959164,0.8663476055808985,1.0581775606109343,23.91111111111111,21.13185721567287,26.690365006549353,5.344444444444444,3.6288998468974034,7.059989041991485,0.9378928954834752,0.8332186359961062,1.0425671549708442,0.0007467629582000276,-0.002424572618427462,0.003918098534827517
gppo_event,18.0,5,0.7405358818977745,0.6834316826682499,0.7976400811272991,0.04444444444444444,-0.013260227253802548,0.10214911614269143,22.92781775282496,21.699845498566123,24.155790007083798,0.9606422127255462,0.887443422163829,1.0338410032872634,24.06666666666667,23.16555478723146,24.96777854610188,5.2666666666666675,4.173536770507687,6.359796562825648,0.9431524276377218,0.8869374116233422,0.9993674436521014,0.0034049358844640666,-0.008087832893986558,0.014897704662914693
gppo_event,19.0,5,0.7328160861035968,0.6816693656121651,0.7839628065950286,0.0,0.0,0.0,22.765074119271297,20.745086747573186,24.785061490969408,0.9631766381766381,0.88906716444273,1.037286111910546,24.144444444444446,22.52650705671361,25.762381832175283,5.355555555555556,4.114473841788524,6.5966372693225885,0.9249739509330304,0.8784690945275098,0.971478807338551,-0.0005968862009467557,-0.007524562074308298,0.006330789672414787
gppo_event,20.0,5,0.7033399588791746,0.6684542436669868,0.7382256740913623,0.01111111111111111,-0.019733333333333325,0.041955555555555545,22.8358797102341,22.00467280181307,23.66708661865513,0.9165895061728395,0.8772865515985062,0.9558924607471728,23.555555555555554,22.240590650611484,24.870520460499623,5.988888888888889,5.245416201735413,6.732361576042365,0.9211544011544012,0.88012888131517,0.9621799209936324,-0.0004559544671792537,-0.0151370355867669,0.014225126652408394
gppo_event,21.0,5,0.7259446945109551,0.6885497906003568,0.7633395984215534,0.0,0.0,0.0,23.189162352846473,22.16427508466454,24.21404962102841,0.9540301519468185,0.912982040971232,0.995078262922405,24.122222222222224,23.09992546551924,25.144518978925205,5.6,4.848572103620853,6.351427896379146,0.9420175438596493,0.8856975340654502,0.9983375536538485,0.0010828533537278417,-0.011314466861134615,0.0134801735685903
gppo_event,22.0,5,0.7523473177149647,0.6881776536302722,0.8165169817996571,0.01111111111111111,-0.019733333333333325,0.041955555555555545,22.490756092896863,21.46912841774814,23.512383768045584,0.9790657644824311,0.8979094084012506,1.0602221205636118,24.266666666666666,22.779081608366127,25.754251724967204,5.022222222222222,3.6719188130618496,6.372525631382595,0.9605820105820104,0.9084131638265711,1.0127508573374497,0.0040910127107054,-0.0020783436473474854,0.010260369068758286
gppo_event,23.0,5,0.7547973852108549,0.6996386995189064,0.8099560709028034,0.0,0.0,0.0,21.812479717770767,20.892196056941934,22.7327633785996,0.9851851851851852,0.9107307660040246,1.0596396043663456,23.711111111111112,21.845468372892814,25.57675384932941,4.988888888888889,3.9333957857071593,6.044381992070619,0.9502822388808052,0.8928177901726662,1.0077466875889443,-0.01049395240843296,-0.03058894526879108,0.009601040451925157
gppo_event,24.0,5,0.7122842689264258,0.6886941494871804,0.7358743883656712,0.02222222222222222,-0.015554352922033901,0.05999879736647834,23.44534014368022,22.659233523194157,24.231446764166282,0.9292319563152898,0.9011360388999393,0.9573278737306402,24.27777777777778,23.49594564019451,25.059609915361047,5.7333333333333325,5.202665445748659,6.264001220918006,0.9306609866168689,0.9041085163661746,0.9572134568675632,0.0002488315862137824,-0.006201065703956726,0.00669872887638429
gppo_event,25.0,5,0.7216495686988014,0.6443850343583761,0.7989141030392266,0.04444444444444444,-0.013260227253802562,0.10214911614269144,23.112019835155987,21.758216353556048,24.465823316755927,0.9483143399810068,0.8482284435963205,1.048400236365693,25.044444444444444,24.61538502871951,25.47350386016938,5.655555555555556,4.038500438573447,7.272610672537665,0.9434107531901651,0.8953282784048122,0.991493227975518,-0.0008740541117731482,-0.00524329179556514,0.0034951835720188444
gppo_event,26.0,5,0.7571379723020815,0.712568421325473,0.8017075232786899,0.03333333333333333,-0.02835555555555555,0.09502222222222222,22.86452363667349,22.026714598071433,23.702332675275546,0.9875059354226021,0.9277989456083888,1.0472129252368154,24.322222222222223,22.951985767183878,25.692458677260568,4.933333333333333,3.9985380064248823,5.868128660241783,0.945454510086863,0.9131728516572195,0.9777361685165065,-0.0034173974709119648,-0.009199042711043964,0.0023642477692200356
gppo_event,27.0,5,0.7707907270652369,0.7316530555801832,0.8099283985502905,0.05555555555555556,0.006786206752069895,0.10432490435904122,21.818994790807906,21.10563521616411,22.532354365451702,1.001460113960114,0.9488653764991157,1.0540548514211123,24.511111111111113,22.95552941863228,26.066692803589945,4.555555555555555,3.7631474302583467,5.347963680852764,0.9645743145743146,0.9089449620296415,1.0202036671189878,0.00029321455517674624,-0.0031995315871006223,0.0037859606974541145
gppo_event,28.0,5,0.7606119065251631,0.7253805317520537,0.7958432812982724,0.02222222222222222,-0.015554352922033901,0.05999879736647834,21.964028053451663,20.7946260736469,23.133430033256428,0.9986704653371319,0.9491675307060892,1.0481733999681746,24.055555555555557,22.644611852449962,25.466499258661152,4.7444444444444445,4.0554317473262245,5.4334571415626645,0.9375315126050421,0.8924538050777433,0.9826092201323409,0.006070501118665561,-0.006774205710321503,0.018915207947652626
gppo_event,29.0,5,0.7204862333602742,0.6693716190460742,0.7716008476744741,0.02222222222222222,-0.015554352922033901,0.05999879736647834,21.961263193810577,21.188237208907932,22.734289178713222,0.9465218423551758,0.8856481899566405,1.0073954947537112,23.366666666666667,22.122713625593548,24.610619707739787,5.566666666666667,4.635695692327656,6.497637641005679,0.902198552528902,0.8491121762116461,0.9552849288461579,-0.009815893811173737,-0.02462040204788735,0.0049886144255398765
gppo_event,30.0,5,0.7414437671223018,0.7102470248686041,0.7726405093759994,0.01111111111111111,-0.019733333333333325,0.041955555555555545,22.805052939374313,21.123989708699998,24.48611617004863,0.9667082146248813,0.9248799627259614,1.0085364665238012,24.333333333333332,22.744769581052132,25.921897085614532,5.2,4.611525505970347,5.7884744940296535,0.9509120500051873,0.906581358909355,0.9952427411010196,-0.003415259241592139,-0.010009171365491804,0.0031786528823075253
gppo_event,31.0,5,0.7456489170108096,0.6724453638459154,0.8188524701757038,0.01111111111111111,-0.019733333333333325,0.041955555555555545,22.610881640143976,21.39630163672118,23.825461643566772,0.9727148622981956,0.8720513078997845,1.0733784166966067,23.777777777777775,21.720774751078046,25.834780804477504,5.122222222222222,3.607700322515467,6.6367441219289764,0.9190375411195845,0.8517974714091764,0.9862776108299925,0.011899527683272026,-0.022364490041326363,0.04616354540787042
gppo_event,32.0,5,0.7901137883826221,0.7531662992883069,0.8270612774769374,0.04444444444444444,-0.04548179144494752,0.1343706803338364,22.012658879457888,20.3553438624012,23.669973896514577,1.027249525166192,0.9708289623824142,1.0836700879499697,24.455555555555556,23.56106666666667,25.350044444444443,4.255555555555555,3.48506158028649,5.026049530824619,0.9746867245885171,0.9528855077693866,0.9964879414076476,0.0014546050981152803,-0.006659265565170064,0.009568475761400625
gppo_event,33.0,5,0.7094754741767575,0.651559651952379,0.767391296401136,0.0,0.0,0.0,22.760205636888497,21.36459461445165,24.155816659325342,0.9330246913580247,0.8567398662115638,1.0093095165044854,23.666666666666668,21.674870098146087,25.65846323518725,5.966666666666667,4.8264647404305325,7.106868592902801,0.9081890193495052,0.823390941283619,0.9929870974153915,-0.002077096694847569,-0.009538406153577409,0.005384212763882271
gppo_event,34.0,5,0.7615118033745485,0.6838943441395977,0.8391292626094993,0.02222222222222222,-0.03946666666666665,0.08391111111111109,22.588902880891123,21.128557030749,24.049248731033245,0.9870429724596391,0.8873639299717023,1.086722014947576,24.500000000000004,22.990511838853326,26.00948816114668,4.777777777777778,3.2635699964814755,6.29198555907408,0.9651117741782704,0.9195060286691247,1.0107175196874163,0.0055337046331260355,-0.006680676617438726,0.017748085883690798
gppo_event,35.0,5,0.7465955642980366,0.6599170482011197,0.8332740803949535,0.02222222222222222,-0.03946666666666665,0.08391111111111109,21.947446853059297,20.771208039839014,23.12368566627958,0.9715574548907882,0.8573935440952067,1.0857213656863696,23.27777777777778,20.779568182838453,25.775987372717104,5.055555555555555,3.343063777797516,6.768047333313595,0.9251453334957171,0.8199760086150898,1.0303146583763445,0.0010990704759024084,-0.007180865699176035,0.009379006650980851
gppo_event,36.0,5,0.7372181313602882,0.7108578476637355,0.763578415056841,0.01111111111111111,-0.019733333333333325,0.041955555555555545,22.57678893622829,21.088238641180414,24.065339231276166,0.9612060778727445,0.9320416155755031,0.9903705401699858,24.08888888888889,23.4191310568479,24.758646720929878,5.355555555555556,4.751130353247458,5.959980757863654,0.9526159352629942,0.9328072587035434,0.9724246118224449,-0.004911937320139259,-0.013897939052913321,0.004074064412634804
gppo_event,37.0,5,0.7400971627122523,0.6923400297229997,0.787854295701505,0.0,0.0,0.0,21.986632015936614,21.11795047775451,22.85531355411872,0.9691239316239317,0.9007374318354758,1.0375104314123877,23.244444444444447,21.82878860707558,24.660100281813314,5.2,4.193884669988599,6.206115330011401,0.93741458704694,0.874614821178932,1.000214352914948,0.009333727689227089,-0.0007999940304736324,0.01946744940892781
gppo_event,38.0,5,0.7390920868536183,0.6755116315033003,0.8026725422039362,0.02222222222222222,-0.015554352922033901,0.05999879736647834,22.28252013342209,21.6102969365598,22.95474333028438,0.9771308167141501,0.8956679351215917,1.0585936983067086,23.566666666666666,21.494457093395766,25.638876239937566,5.2,4.02994211053839,6.37005788946161,0.9134505772815101,0.8350633238895928,0.9918378306734275,-0.0014458930595234658,-0.00806929349565839,0.005177507376611457
gppo_event,39.0,5,0.7207725772932508,0.7025575026195285,0.7389876519669731,0.02222222222222222,-0.015554352922033901,0.05999879736647834,22.382914163770273,21.10382291991781,23.662005407622736,0.93616452991453,0.9107396840045094,0.9615893758245506,23.411111111111108,22.052029144996744,24.77019307722547,5.688888888888889,5.293887269264142,6.083890508513636,0.9242325689608297,0.903984776871614,0.9444803610500454,0.009642530186101794,-0.007254034610075663,0.02653909498227925
gppo_event,40.0,5,0.7342107450504722,0.6736822530270796,0.7947392370738648,0.03333333333333333,-0.004443241810922788,0.07110990847758945,22.27563600768543,20.37359266752418,24.177679347846684,0.9618055555555554,0.8869301558239818,1.0366809552871288,23.644444444444442,22.033874080632255,25.25501480825663,5.288888888888889,4.268921359993974,6.308856417783804,0.9238330172579398,0.8502480438398459,0.9974179906760337,0.007943443139083683,-0.007667510249797244,0.02355439652796461
gppo_event,41.0,5,0.7384857010321406,0.6786482167323451,0.7983231853319361,0.01111111111111111,-0.019733333333333325,0.041955555555555545,23.281542879037676,21.86089050477341,24.702195253301944,0.9601258309591643,0.8825888492057852,1.0376628127125433,24.111111111111107,22.80704389327225,25.415178328949963,5.288888888888889,4.153075988281934,6.424701789495844,0.9576400560224091,0.9066182360320632,1.008661876012755,-0.005189863516716286,-0.0129438482728449,0.0025641212394123267
gppo_event,42.0,5,0.7474655508521664,0.6944388243529542,0.8004922773513785,0.02222222222222222,-0.015554352922033901,0.05999879736647834,22.939120710074935,21.036636697590847,24.841604722559023,0.9732609211775877,0.8997247793735549,1.0467970629816206,24.766666666666662,23.183802623309468,26.349530710023856,5.033333333333333,4.005005275000023,6.061661391666643,0.9537845096316963,0.9282690875996779,0.9792999316637147,-0.004833288020745385,-0.00945639792662771,-0.00021017811486306014
gppo_event,43.0,5,0.7639423320199109,0.7258230716038914,0.8020615924359304,0.01111111111111111,-0.019733333333333325,0.041955555555555545,22.624415484185754,20.406194549449236,24.84263641892227,0.9926400759734093,0.9413016848093798,1.0439784671374388,25.166666666666668,23.826618427254886,26.50671490607845,4.71111111111111,3.9581022580160714,5.46411996420615,0.9675727513227514,0.9480395499582245,0.9871059526872784,-0.003322823406506359,-0.010907380670108475,0.004261733857095757
gppo_event,44.0,5,0.7350436088650071,0.6654471229130545,0.8046400948169596,0.02222222222222222,-0.03946666666666665,0.08391111111111109,22.956130902929765,21.78789937347298,24.12436243238655,0.9633309591642926,0.8824250292233939,1.0442368891051912,23.855555555555558,22.90411568091201,24.806995430199105,5.322222222222222,3.914316076360377,6.730128368084067,0.9291394099727434,0.872013428296939,0.9862653916485478,-0.001273103035055101,-0.006367288302270548,0.003821082232160346
gppo_event,45.0,5,0.7339436057690534,0.6585568418275504,0.8093303697105564,0.01111111111111111,-0.019733333333333325,0.041955555555555545,21.9813788922295,20.890798853668528,23.071958930790473,0.9617996201329533,0.8629135607178946,1.060685679548012,24.066666666666666,22.398926066888585,25.734407266444748,5.2666666666666675,3.810593255140626,6.722740078192709,0.9317837690631808,0.854622811620093,1.0089447265062688,0.0023016156861558556,-0.007029235373545004,0.011632466745856716
gppo_event,46.0,5,0.7567645526223956,0.6894509410808245,0.8240781641639667,0.03333333333333333,-0.004443241810922788,0.07110990847758945,23.141090822036393,21.10424083950801,25.177940804564777,0.9943910256410258,0.9179846769448212,1.0707973743372303,24.888888888888893,23.720458340812108,26.057319436965678,4.811111111111112,3.531345411876181,6.0908768103460424,0.9397361037812871,0.8810823572461827,0.9983898503163916,-0.0013015571050345898,-0.003301727435729064,0.0006986132256598841
gppo_event,47.0,5,0.764914987880674,0.7266038015696308,0.8032261741917173,0.02222222222222222,-0.015554352922033901,0.05999879736647834,22.750335839676037,21.711862434831808,23.788809244520266,1.0087666191832858,0.9622137418556105,1.0553194965109611,24.711111111111116,23.90767401807325,25.51454820414898,4.722222222222222,3.9223454292405675,5.522099015203877,0.9593336728630847,0.9159749484758023,1.002692397250367,-0.0005076983303297311,-0.009481515161478193,0.00846611850081873
gppo_event,48.0,5,0.765758586555688,0.7202234986639019,0.811293674447474,0.01111111111111111,-0.019733333333333325,0.041955555555555545,22.419407357448232,20.76179368063635,24.077021034260113,1.0111882716049383,0.946073252026187,1.0763032911836896,24.577777777777776,23.403661402701513,25.75189415285404,4.733333333333334,3.758678172029199,5.70798849463747,0.9634587235567628,0.9274001304694242,0.9995173166441014,-0.0118635690480005,-0.021555697096347498,-0.0021714409996535008
gppo_event,49.0,5,0.7529562686781021,0.7083256534650563,0.7975868838911478,0.03333333333333333,-0.02835555555555555,0.09502222222222222,22.29744499927084,21.066900521915443,23.52798947662624,0.9770121082621083,0.9197997123834738,1.0342245041407427,23.9,22.00463461368149,25.795365386318508,5.022222222222223,4.173859809564828,5.870584634879618,0.9446017537449762,0.8938871481590448,0.9953163593309077,0.0017609060101676731,-0.017215201357729762,0.020737013378065106
gppo_event,50.0,5,0.7606478652066887,0.7353909971002159,0.7859047333131615,0.01111111111111111,-0.019733333333333325,0.041955555555555545,21.5523775241155,20.42467549560658,22.68007955262442,0.9908000949667615,0.9658114437825358,1.0157887461509871,23.42222222222222,22.937954621472592,23.90648982297185,4.788888888888889,4.264987124465985,5.312790653311793,0.9407704024370691,0.9285519703864553,0.9529888344876829,-0.002299225493334234,-0.00852840041158653,0.003929949424918063
gppo_event,51.0,5,0.7490944771262333,0.6799369555389629,0.8182519987135037,0.02222222222222222,-0.015554352922033901,0.05999879736647834,22.366804763526382,20.648462883662045,24.08514664339072,0.9768340455840455,0.8896392594109394,1.0640288317571516,23.922222222222224,23.046272582765596,24.798171861678853,5.011111111111111,3.5964636954568485,6.425758526765374,0.9435063048788537,0.9068493028769907,0.9801633068807166,-0.0004726277431473136,-0.012150806887946643,0.011205551401652015
gppo_event,52.0,5,0.7541206517741045,0.7139730838467193,0.7942682197014896,0.0,0.0,0.0,22.723164539371357,22.096796264510505,23.34953281423221,0.9835826210826211,0.9253313721519849,1.0418338700132572,24.355555555555554,22.747201879077032,25.963909232034077,4.8999999999999995,4.172698726306594,5.627301273693405,0.9626747163511868,0.9248219531834602,1.0005274795189136,0.004167772794608027,-0.005892721399485197,0.014228266988701251
gppo_event,53.0,5,0.7193008870214752,0.6652612212338506,0.7733405528090999,0.02222222222222222,-0.015554352922033901,0.05999879736647834,23.162009123593275,22.169605109673665,24.154413137512886,0.9415657644824312,0.8716272675832939,1.0115042613815686,23.666666666666668,21.85562229979836,25.477711033534977,5.6,4.4321802895783176,6.767819710421682,0.9089577128611654,0.8443751380155723,0.9735402877067586,-0.0011929064639844,-0.005915633001612409,0.003529820073643609
gppo_event,54.0,5,0.7808427882937686,0.7425810273191737,0.8191045492683635,0.0,0.0,0.0,21.61770185323848,20.26712255435308,22.96828115212388,1.0234271130104464,0.9674109176002877,1.079443308420605,24.48888888888889,22.173294734380146,26.804483043397635,4.388888888888888,3.4122834401691224,5.365494337608654,0.9609858387799564,0.9009239483031872,1.0210477292567255,0.010371172981103882,-0.021800204711720957,0.042542550673928724
gppo_event,55.0,5,0.7646573886471584,0.7394222035804507,0.789892573713866,0.03333333333333333,-0.004443241810922788,0.07110990847758945,22.439512153531872,21.99631011115908,22.882714195904665,0.9973706077872745,0.9603920535908494,1.0343491619836995,24.355555555555554,23.572811305504715,25.138299805606394,4.733333333333334,4.100458246093062,5.3662084205736065,0.9411875139919517,0.9088758865896481,0.9734991413942552,-0.0023049294366501273,-0.007948483540358736,0.0033386246670584815
gppo_event,56.0,5,0.7741424367287539,0.7236322816851055,0.8246525917724024,0.01111111111111111,-0.019733333333333325,0.041955555555555545,21.967996628293697,21.052450638250775,22.88354261833662,1.0161028015194682,0.9465097510415049,1.0856958519974316,24.522222222222226,23.359300763562036,25.685143680882415,4.488888888888889,3.4584812974744796,5.519296480303298,0.9721847704094081,0.9257154276596553,1.0186541131591609,0.0022686834490741603,-0.0029315859608128854,0.007468952858961206
gppo_event,57.0,5,0.7453667449266341,0.7206547514435604,0.7700787384097079,0.0,0.0,0.0,22.031264893567503,21.376752794046308,22.685776993088698,0.9772792022792023,0.9396003178688755,1.014958086689529,23.633333333333336,22.667010805574453,24.59965586109222,5.088888888888889,4.5806570491120375,5.59712072866574,0.9312748045346085,0.9045238761250427,0.9580257329441744,-0.0010882407135795803,-0.022621563308279802,0.02044508188112064
gppo_event,58.0,5,0.7548310053898513,0.6970726185982146,0.812589392181488,0.01111111111111111,-0.019733333333333325,0.041955555555555545,22.159892848749315,21.34703360196235,22.97275209553628,0.9958689458689459,0.9173081897982878,1.074429701939604,24.044444444444448,22.200601840626454,25.88828704826244,4.933333333333334,3.816525894113709,6.050140772552958,0.957950937950938,0.8917077909088686,1.0241940849930073,-0.004146534437313676,-0.010818874703500868,0.0025258058288735157
gppo_event,59.0,5,0.7753019221156476,0.7048844741333408,0.8457193700979545,0.03333333333333333,-0.02835555555555555,0.09502222222222222,21.536646429670878,20.512658266984623,22.560634592357133,1.0092473884140551,0.9223804261263066,1.0961143507018039,23.48888888888889,22.416628458021027,24.561149319756755,4.488888888888889,3.0962699077362315,5.881507870041546,0.959332788671024,0.9134072302591103,1.0052583470829377,-0.0021981001671520064,-0.011518622193141499,0.007122421858837485
gppo_event,60.0,5,0.7603321384182424,0.733854153334363,0.7868101235021219,0.03333333333333333,-0.004443241810922788,0.07110990847758945,22.092496103545017,20.841076784308427,23.343915422781606,0.9911028015194683,0.9454201310511369,1.0367854719877998,24.37777777777778,23.5640454457741,25.19151010978146,4.8,4.203496833491791,5.396503166508209,0.9547341733964541,0.9159379994093778,0.9935303473835303,-0.0009461382403969764,-0.013144213913673831,0.01125193743287988
gppo_event,61.0,5,0.7436027606151444,0.6704839008787518,0.8167216203515371,0.0,0.0,0.0,21.62547384800245,21.04370457489453,22.20724312111037,0.9706315289648624,0.8768891123689192,1.0643739455608054,23.22222222222222,21.175652076108737,25.268792368335706,5.122222222222223,3.546889214275673,6.697555230168772,0.9279692891649415,0.841790298206884,1.014148280122999,0.0029059960565064103,-0.03150272079852199,0.03731471291153481
gppo_event,62.0,5,0.7431720152368401,0.6875465238109196,0.7987975066627605,0.02222222222222222,-0.015554352922033901,0.05999879736647834,22.633771924937932,20.535212646358588,24.732331203517276,0.980246913580247,0.9022234553735391,1.0582703717869548,24.544444444444444,23.413878790326294,25.675010098562595,5.166666666666666,4.142510341793467,6.190822991539865,0.9384171380685042,0.885284741603836,0.9915495345331725,-0.003202437743311748,-0.015081561601361449,0.008676686114737953
gppo_event,63.0,5,0.7608585704813327,0.7029303301797392,0.8187868107829261,0.01111111111111111,-0.019733333333333325,0.041955555555555545,23.066206946050713,21.189577756216934,24.94283613588449,0.9882003798670465,0.9057960771550448,1.070604682579048,25.255555555555553,24.291697511604635,26.21941359950647,4.811111111111112,3.602063969508567,6.020158252713657,0.9729602396514162,0.9614549593693851,0.9844655199334473,-0.0017461491748690604,-0.011296943731222581,0.007804645381484459
gppo_event,64.0,5,0.7468446014769545,0.6983986376772549,0.7952905652766542,0.02222222222222222,-0.015554352922033901,0.05999879736647834,22.538975780909723,21.099347180486472,23.978604381332975,0.98070987654321,0.9235974634170268,1.0378222896693932,24.133333333333333,23.380008687037957,24.88665797962871,5.044444444444444,3.9889513412627142,6.099937547626174,0.9484591479689518,0.9113775695271271,0.9855407264107765,-0.0004225971322739497,-0.010591082685903273,0.009745888421355375
gppo_event,65.0,5,0.7684594760170207,0.7086726994327464,0.828246252601295,0.03333333333333333,-0.004443241810922788,0.07110990847758945,20.925542118149075,19.834887930245486,22.016196306052663,1.0032585470085469,0.9209426227487291,1.0855744712683646,22.855555555555558,20.4986282384175,25.212482872693617,4.5888888888888895,3.28609900578948,5.891678771988299,0.9178891741881937,0.8586736244568577,0.9771047239195297,0.013853068300522863,-0.012436202230286145,0.04014233883133187
gppo_event,66.0,5,0.770962672947967,0.7030596818805742,0.8388656640153599,0.01111111111111111,-0.019733333333333325,0.041955555555555545,22.16059028953157,20.944950554229703,23.376230024833436,1.005389363722697,0.9125153060501783,1.0982634213952156,24.177777777777777,21.906256681493574,26.44929887406198,4.499999999999999,3.0508033932767185,5.94919660672328,0.9584768200209377,0.8797501350603215,1.0372035049815538,0.010991177230607718,-0.003518650670200468,0.025501005131415906
gppo_event,67.0,5,0.7453166983610741,0.6853253685758243,0.8053080281463239,0.01111111111111111,-0.019733333333333325,0.041955555555555545,22.458008807220658,20.94368097441052,23.972336640030797,0.9743411680911681,0.9005600266601629,1.0481223095221734,24.27777777777778,23.304832324876646,25.25072323067891,5.1,3.9129897160003253,6.287010283999674,0.9433091418385535,0.9098201565538145,0.9767981271232925,-0.004139132410637103,-0.014828477457140823,0.006550212635866618
gppo_event,68.0,5,0.7622341278042472,0.7053141803131037,0.8191540752953906,0.02222222222222222,-0.03946666666666665,0.08391111111111109,22.7545003674119,20.712539743367415,24.796460991456385,0.9998634852801519,0.9251635820149844,1.0745633885453194,24.3,22.89954673016639,25.700453269833613,4.755555555555555,3.66766015027088,5.843450960840229,0.952644166362197,0.9115546358674436,0.9937336968569503,0.0016455953271361067,-0.0063179718050719235,0.009609162459344137
gppo_event,69.0,5,0.7599688404243189,0.7123667515668473,0.8075709292817905,0.01111111111111111,-0.019733333333333325,0.041955555555555545,22.103712637557138,21.1383334917174,23.069091783396875,0.9952279202279202,0.9365127608996344,1.053943079556206,24.166666666666664,22.945483730754535,25.387849602578793,4.7555555555555555,3.700964198034537,5.810146913076574,0.9460589039605395,0.9043619286113592,0.9877558793097198,0.0009058903087861836,-0.005009837536658343,0.0068216181542307104
gppo_event,70.0,5,0.7620202143220045,0.7384082502213914,0.7856321784226176,0.03333333333333333,-0.004443241810922788,0.07110990847758945,21.819311026005362,21.17504122177466,22.463580830236065,0.988568376068376,0.9585578780341365,1.0185788741026154,24.200000000000003,23.581955526790995,24.81804447320901,4.71111111111111,4.22488290476971,5.197339317452511,0.9596716464363524,0.9307255842095679,0.9886177086631369,-0.0039706642855890095,-0.015022815160291771,0.007081486589113752
gppo_event,71.0,5,0.7324589945039647,0.698729988295418,0.7661880007125114,0.0,0.0,0.0,23.36268971603019,22.13796694758191,24.58741248447847,0.9595679012345679,0.9225277928456957,0.9966080096234401,24.511111111111113,23.390052391049064,25.63216983117316,5.3,4.732093549696522,5.867906450303478,0.9383631036955844,0.8970583418245021,0.9796678655666667,0.0013620556856039912,-0.007304954991754443,0.010029066362962425
gppo_event,72.0,5,0.7235709749964135,0.6433241950719101,0.803817754920917,0.01111111111111111,-0.019733333333333325,0.041955555555555545,21.47031145261916,20.499137751378747,22.441485153859574,0.9565467711301044,0.8508824134885463,1.0622111287716625,22.6,20.153061407380772,25.04693859261923,5.455555555555556,3.856248059739683,7.054863051371429,0.8950831531442986,0.816897293695013,0.9732690125935843,0.003235301421955228,-0.0015277304244000634,0.00799833326831052
gppo_event,73.0,5,0.7588248615944695,0.7199710500266747,0.7976786731622643,0.02222222222222222,-0.015554352922033901,0.05999879736647834,21.540775901905217,19.778892876599887,23.302658927210548,1.0003739316239317,0.9526588329783161,1.0480890302695474,23.77777777777778,21.849074888640132,25.706480666915425,4.722222222222223,3.9328213492358777,5.511623095208569,0.9416518829754124,0.8873809968380577,0.995922769112767,-0.004881040006875992,-0.018611182700619247,0.008849102686867262
gppo_event,74.0,5,0.7556680998644363,0.7068153636672001,0.8045208360616725,0.02222222222222222,-0.015554352922033901,0.05999879736647834,22.632487345705687,20.73778620516,24.527188486251376,0.9962428774928774,0.9371712062667941,1.0553145487189608,24.833333333333336,23.504872027169206,26.161794639497465,4.9222222222222225,4.001268884709109,5.843175559735336,0.9625937597261126,0.9314925079087807,0.9936950115434445,0.005458539749088232,-0.004500915807415317,0.015417995305591781
gppo_event,75.0,5,0.7573854322873931,0.7219672497717866,0.7928036148029995,0.01111111111111111,-0.019733333333333325,0.041955555555555545,22.34512388683965,20.36010814882883,24.330139624850474,0.9864731718898385,0.9404712925948956,1.0324750511847816,24.0,22.397275652729597,25.602724347270403,4.9,4.187566776271907,5.612433223728094,0.9279671785425139,0.8927101966312405,0.9632241604537872,-0.0024522366118617358,-0.012351929214737645,0.007447455991014173
gppo_event,76.0,5,0.7600545984753145,0.717973336682125,0.802135860268504,0.01111111111111111,-0.019733333333333325,0.041955555555555545,22.007929587054754,20.50192005376471,23.513939120344798,0.9972578347578347,0.9371769823015216,1.0573386872141477,24.11111111111111,22.304669151598873,25.91755307062335,4.844444444444444,3.9198825437865445,5.769006345102344,0.9488096591293523,0.8888986648464936,1.008720653412211,-0.029149623599369078,-0.10951998341013207,0.051220736211393905
gppo_event,77.0,5,0.748663832428471,0.6463481386339138,0.8509795262230282,0.02222222222222222,-0.03946666666666665,0.08391111111111109,22.69562984158316,20.676599034782654,24.714660648383663,0.9732727920227919,0.8360559285047824,1.1104896555408015,24.055555555555554,22.209392516863655,25.901718594247452,5.055555555555555,2.8652742026380196,7.245836908473091,0.9391792457723831,0.8473368056881895,1.0310216858565766,0.006585975928464905,-0.002871052732868005,0.016043004589797814
gppo_event,78.0,5,0.7660180495122951,0.6790912571936333,0.852944841830957,0.0,0.0,0.0,22.122009625839123,20.093226390807644,24.150792860870602,1.0039351851851852,0.8947339796043853,1.1131363907659853,24.31111111111111,23.243073506927335,25.379148715294885,4.711111111111111,2.916955768180098,6.505266454042125,0.9510763440588003,0.8950123402073914,1.0071403479102092,-0.00038251006626524033,-0.007734088892086177,0.006969068759555695
gppo_event,79.0,5,0.7588591564571956,0.7013727776573702,0.816345535257021,0.04444444444444444,-0.013260227253802548,0.10214911614269143,21.423685443715478,18.823192884205127,24.024178003225828,0.9873397435897436,0.9283964697361132,1.046283017443374,23.1,21.562102062498024,24.63789793750198,4.833333333333334,3.7873473314913477,5.87931933517532,0.9310243429094666,0.8821223264143891,0.979926359404544,0.00021689823479391633,-0.02762021614898881,0.028054012618576644
gppo_event,80.0,5,0.7702711481313358,0.7104959497802315,0.8300463464824401,0.04444444444444444,-0.013260227253802562,0.10214911614269144,21.098492683943483,20.266806252422736,21.93017911546423,1.0101080246913579,0.9360474158070553,1.0841686335756604,23.72222222222222,22.713274088866264,24.73117035557818,4.611111111111112,3.376369820669674,5.845852401552549,0.9374054790998525,0.8832112670374599,0.9915996911622451,-0.0024038011906668544,-0.012538628062574476,0.007731025681240768
gppo_event,81.0,5,0.7595861111397075,0.7384929747595059,0.7806792475199091,0.03333333333333333,-0.004443241810922788,0.07110990847758945,22.567740201081367,21.342680470830004,23.79279993133273,0.9958392687559353,0.9755846551956482,1.0160938823162224,24.944444444444443,22.98819163440426,26.900697254484626,4.9,4.404085021225574,5.395914978774426,0.9594790294246816,0.9151060506199463,1.0038520082294167,-0.0033038067631423473,-0.00894984108162984,0.0023422275553451454
gppo_event,82.0,5,0.7368054766189889,0.6844005014725348,0.7892104517654429,0.01111111111111111,-0.019733333333333325,0.041955555555555545,22.546692848285762,22.03159090880154,23.061794787769983,0.96954534662868,0.90230807343051,1.03678261982685,24.4,22.855158224730673,25.944841775269325,5.3,4.280965652937141,6.319034347062859,0.9491617151911271,0.8888001679247639,1.0095232624574904,-0.004294785170350224,-0.008950339739927916,0.0003607693992274674
gppo_event,83.0,5,0.7755741879844497,0.7252613525244325,0.8258870234444669,0.01111111111111111,-0.019733333333333325,0.041955555555555545,21.86629195996901,19.613447519766233,24.11913640017179,1.0172542735042733,0.9465100108884252,1.0879985361201214,24.988888888888887,23.338350818148633,26.63942695962914,4.488888888888889,3.3583232347707366,5.619454543007041,0.9692845471521941,0.925372089648024,1.0131970046563643,0.007752615609206259,-0.0007020866495587516,0.01620731786797127
gppo_event,84.0,5,0.7850064505688861,0.7694490113605151,0.800563889777257,0.02222222222222222,-0.015554352922033901,0.05999879736647834,21.997674936721253,20.42456294997153,23.570786923470976,1.0261514719848055,1.010879366774636,1.041423577194975,24.544444444444444,23.653952993504273,25.434935895384616,4.28888888888889,3.8543214246354616,4.723456353142318,0.9763419913419913,0.9570592681105913,0.9956247145733913,-0.0026406165561638772,-0.013713559311799392,0.008432326199471638
gppo_event,85.0,5,0.7541312000572444,0.7103354821181465,0.7979269179963424,0.0,0.0,0.0,22.48818946768247,20.73450919797404,24.2418697373909,0.9907644824311491,0.9314678330663507,1.0500611317959474,24.444444444444446,22.902222222222225,25.986666666666668,4.788888888888889,3.9736964223321474,5.60408135544563,0.9515454094981959,0.9186688527488162,0.9844219662475756,0.002109075293992646,-0.009890209227604948,0.01410835981559024
gppo_event,86.0,5,0.7759585386520371,0.7250971836633507,0.8268198936407235,0.03333333333333333,-0.004443241810922788,0.07110990847758945,21.061807478103013,19.143068288685647,22.98054666752038,1.02153371320038,0.9520041756605084,1.0910632507402513,23.9,22.597392695541117,25.20260730445888,4.4222222222222225,3.3642532815126325,5.4801911629318125,0.9524867724867725,0.9029487376221397,1.0020248073514053,-0.010448979720240458,-0.022979985645689087,0.0020820262052081706
gppo_event,87.0,5,0.7649665725762216,0.7323807069691844,0.7975524381832587,0.02222222222222222,-0.015554352922033901,0.05999879736647834,22.32271508039397,21.04355543419889,23.60187472658905,1.0073361823361824,0.9627341237445334,1.0519382409278315,24.3,23.256746225728918,25.343253774271084,4.688888888888888,4.029870788011568,5.347906989766209,0.9421304666647803,0.9316435800370185,0.952617353292542,-0.003960537718376145,-0.010994316448394334,0.003073241011642044
gppo_event,88.0,5,0.7740049184657027,0.7253685855400333,0.8226412513913722,0.02222222222222222,-0.015554352922033901,0.05999879736647834,22.210506959357343,21.270386512952555,23.15062740576213,1.0092711301044635,0.9472002857254881,1.0713419744834387,24.03333333333333,23.28634991639211,24.780316750274554,4.5888888888888895,3.547917448951447,5.629860328826332,0.9522734464156034,0.9016530045808945,1.0028938882503124,-0.005745659815147519,-0.01724520645757487,0.005753886827279831
gppo_event,89.0,5,0.7579624554056958,0.7066917497555454,0.8092331610558463,0.04444444444444444,-0.013260227253802562,0.10214911614269144,22.246462854632338,21.061517796414172,23.431407912850503,0.9851555080721747,0.9148392448802345,1.0554717712641148,23.27777777777778,21.242862453910803,25.312693101644754,4.855555555555556,3.9016191143671715,5.809491996743941,0.924410173160173,0.8643897954045618,0.9844305509157842,0.015353857877198607,-0.023937481077638188,0.054645196832035406
gppo_event,90.0,5,0.7453821851996236,0.7105659430307979,0.7801984273684494,0.01111111111111111,-0.019733333333333325,0.041955555555555545,22.353999002658025,20.844704141210894,23.863293864105156,0.9846094491927826,0.9430584357698137,1.0261604626157514,24.21111111111111,22.093487805097304,26.328734417124913,5.0777777777777775,4.404478102784778,5.751077452770777,0.9372542672039575,0.8757154574898023,0.9987930769181128,-0.0010702887695515529,-0.006911092783088441,0.004770515243985336
gppo_event,91.0,5,0.7471763723788447,0.6836792301080037,0.8106735146496857,0.01111111111111111,-0.019733333333333325,0.041955555555555545,22.280881166171643,20.44089744334243,24.120864889000856,0.9763888888888888,0.897620825644828,1.0551569521329494,23.677777777777777,21.706144528131407,25.649411027424147,5.022222222222222,3.911608045346858,6.132836399097586,0.9357261314059558,0.8695782391414245,1.0018740236704873,0.007668353855842724,-0.008770931714907835,0.02410763942659328
gppo_event,92.0,5,0.7532524238651691,0.7335942892362882,0.77291055849405,0.01111111111111111,-0.019733333333333325,0.041955555555555545,22.198375493730396,20.597633584736233,23.79911740272456,0.9883725071225072,0.9608283394642514,1.015916674780763,24.733333333333334,22.48549484522037,26.9811718214463,4.9,4.601748416745895,5.198251583254105,0.9447642390289449,0.8869991012589136,1.0025293767989762,0.0006486622150987387,-0.016211890322649483,0.01750921475284696
gppo_event,93.0,5,0.7338999594860636,0.6765946065264281,0.791205312445699,0.01111111111111111,-0.019733333333333325,0.041955555555555545,21.29298127900008,19.52185362159965,23.064108936400512,0.9554249762583096,0.8670844755805959,1.0437654769360234,23.044444444444444,21.114262299390145,24.974626589498744,5.344444444444445,4.062079479541755,6.626809409347135,0.913516573295985,0.8559277571741954,0.9711053894177746,0.003443781678409626,-0.003497388316764212,0.010384951673583463
gppo_event,94.0,5,0.7692753633439907,0.7209915126245576,0.8175592140634238,0.0,0.0,0.0,21.819546838647046,21.344421447729225,22.294672229564867,1.00437440645774,0.9468716074946018,1.0618772054208783,23.8,22.582132587240412,25.01786741275959,4.622222222222222,3.7158467940523474,5.528597650392096,0.9470231133389028,0.8922821215259837,1.0017641051518218,0.007673777927993797,0.002260666552314502,0.013086889303673091
gppo_event,95.0,5,0.770477488316363,0.7136569141239145,0.8272980625088114,0.0,0.0,0.0,21.497522187045707,20.657729848530458,22.337314525560956,1.0073658594491928,0.9305918039726038,1.0841399149257818,23.84444444444444,22.34016496817813,25.348723920710754,4.566666666666667,3.3957959546760006,5.7375373786573345,0.9447845400786576,0.892455970147799,0.9971131100095163,0.010765709498809884,-0.01396243025959919,0.03549384925721896
gppo_event,96.0,5,0.7795659165437512,0.7304971846132459,0.8286346484742565,0.04444444444444444,-0.013260227253802548,0.10214911614269143,21.52479058253894,20.090429485399422,22.95915167967846,1.0127018043684708,0.947087571846656,1.0783160368902855,23.933333333333334,22.707873036038105,25.158793630628562,4.411111111111111,3.535161471654483,5.28706075056774,0.9431368376658232,0.9150844303721399,0.9711892449595065,0.0027118029887788,-0.012837240166097172,0.018260846143654773
gppo_event,97.0,5,0.7773659605842044,0.737834524575362,0.8168973965930467,0.01111111111111111,-0.019733333333333325,0.041955555555555545,22.075047474072626,21.306475935027393,22.84361901311786,1.022542735042735,0.972138070751203,1.0729473993342669,24.022222222222222,22.25262722412691,25.791817220317533,4.511111111111111,3.829386086352069,5.192836135870153,0.9599289463260051,0.9020582214992783,1.017799671152732,-0.0018826065211214882,-0.010980474676415629,0.0072152616341726525
gppo_event,98.0,5,0.7390950312199248,0.7003972210959054,0.7777928413439442,0.03333333333333333,-0.02835555555555555,0.09502222222222222,22.95528683236847,19.9064443395908,26.00412932514614,0.9660790598290598,0.9103834791922367,1.021774640465883,24.43333333333333,22.648481769978584,26.218184896688076,5.277777777777778,4.466094046874943,6.089461508680612,0.9501591074140094,0.9059786293509497,0.9943395854770691,-0.0033086708150221965,-0.00891174422967606,0.002294402599631667
gppo_event,99.0,5,0.74356829263692,0.6689017308360368,0.8182348544378033,0.02222222222222222,-0.03946666666666665,0.08391111111111109,21.887032597539736,21.024664876318155,22.749400318761317,0.9754510921177587,0.8885892171376669,1.0623129670978506,23.366666666666667,22.073037281688492,24.660296051644842,5.066666666666666,3.6486606341872037,6.484672699146129,0.9281457431457429,0.8666693260106677,0.9896221602808182,0.0058760088519193236,-0.009331586212454777,0.021083603916293422
gppo_event,100.0,5,0.7269432065755594,0.6758292359721586,0.7780571771789603,0.02222222222222222,-0.015554352922033901,0.05999879736647834,22.228836989583762,20.5136924703995,23.943981508768022,0.9470026115859449,0.8877823903398543,1.0062228328320355,23.144444444444442,21.445478237934083,24.8434106509548,5.344444444444444,4.489379920418969,6.199508968469919,0.9079401164652656,0.8185349934967071,0.9973452394338241,-0.0002482121145779578,-0.005210596677339447,0.004714172448183532
gppo_event_no_gate,1.0,5,0.6956220232200623,0.6253053913092591,0.7659386551308655,0.02222222222222222,-0.015554352922033901,0.05999879736647834,23.44892331301393,22.75946250465469,24.138384121373168,0.9057514245014247,0.812243044600462,0.9992598044023873,23.96666666666667,22.47892173034339,25.454411602989946,6.211111111111111,4.809978668943767,7.612243553278455,0.9191532387365722,0.8568595740990683,0.981446903374076,-0.00011623658188000263,-0.0041959609776033935,0.0039634878138433876
gppo_event_no_gate,2.0,5,0.6830298337273255,0.6513953956989762,0.7146642717556748,0.01111111111111111,-0.019733333333333325,0.041955555555555545,24.680226679895338,23.864315729265584,25.49613763052509,0.8910790598290598,0.8519700715909989,0.9301880480671206,24.077777777777776,22.22159304133518,25.933962514220372,6.411111111111111,5.759351140145506,7.062871082076716,0.9071203062121536,0.8520078442554556,0.9622327681688515,-0.004836260617594235,-0.016117139495234935,0.006444618260046466
gppo_event_no_gate,3.0,5,0.6813553923484039,0.6148255050404274,0.7478852796563804,0.01111111111111111,-0.019733333333333325,0.041955555555555545,23.64983024055978,21.893040749594746,25.406619731524813,0.891553893637227,0.8085016564111397,0.9746061308633144,23.255555555555553,21.7377393373991,24.773371773712007,6.444444444444445,4.994427460295298,7.8944614285935915,0.8980926501035196,0.8233444092314767,0.9728408909755625,0.0006679315469227731,-0.008944328875841056,0.010280191969686601
gppo_event_no_gate,4.0,5,0.7071505206532913,0.6602185414150119,0.7540824998915707,0.03333333333333333,-0.02835555555555555,0.09502222222222222,22.76134362740192,22.16404274696559,23.358644507838253,0.9219551282051283,0.8716780745308816,0.9722321818793749,23.4,22.408409875596366,24.39159012440363,5.933333333333333,4.867748172349641,6.998918494317024,0.9152249107811767,0.8684314910202041,0.9620183305421494,0.004577187797985971,-0.00015824014125489193,0.009312615737226833
gppo_event_no_gate,5.0,5,0.7206238392736688,0.7052359715740649,0.7360117069732727,0.04444444444444444,-0.013260227253802562,0.10214911614269144,22.98540091125349,21.102819020546864,24.867982801960114,0.9381469610636278,0.913269748440374,0.9630241736868816,23.77777777777778,22.10036738680213,25.455188168753427,5.7444444444444445,5.483631000876673,6.005257888012216,0.9240056406840294,0.8851617354030227,0.962849545965036,-0.006032798660453409,-0.01887178134898057,0.006806184028073752
gppo_event_no_gate,6.0,5,0.7210763645348268,0.6513946064269434,0.7907581226427103,0.04444444444444444,-0.013260227253802548,0.10214911614269143,22.972417360900298,22.04141491228888,23.903419809511718,0.9430733618233618,0.867224060763281,1.0189226628834425,23.833333333333332,22.405631991669868,25.261034674996797,5.655555555555556,4.278393423568993,7.032717687542119,0.9290446717407501,0.855253099147835,1.0028362443336654,-0.0005050994728662772,-0.007216957452915656,0.006206758507183101
gppo_event_no_gate,7.0,5,0.7208846747985035,0.6442182661850617,0.7975510834119452,0.01111111111111111,-0.019733333333333325,0.041955555555555545,22.58358726701188,20.822480210603878,24.34469432341988,0.9443613485280151,0.8350351777687667,1.0536875192872635,23.56666666666667,20.680856092730473,26.452477240602867,5.633333333333333,4.08987782645003,7.176788840216636,0.9285383597883599,0.8358754602667724,1.0212012593099473,-0.0012165703733141224,-0.009693107987311529,0.007259967240683283
gppo_event_no_gate,8.0,5,0.7051065038810137,0.6851738110885387,0.7250391966734887,0.03333333333333333,-0.004443241810922788,0.07110990847758945,23.01827232134947,21.399229890980234,24.63731475171871,0.9178418803418802,0.8897141543774953,0.945969606306265,22.85555555555555,22.176977777777775,23.534133333333326,5.955555555555556,5.616266666666666,6.294844444444445,0.8900845718173084,0.8505227518960989,0.9296463917385178,0.007679093850310892,-0.014470461483078432,0.029828649183700217
gppo_event_no_gate,9.0,5,0.7421651259684081,0.7229400707478212,0.761390181188995,0.02222222222222222,-0.015554352922033901,0.05999879736647834,24.157044213589057,22.733269815525105,25.580818611653008,0.9660375118708451,0.9398141479034772,0.992260875838213,25.055555555555554,23.996014094053468,26.11509701705764,5.28888888888889,4.807577170896752,5.770200606881027,0.9811236666383725,0.9747764143393621,0.9874709189373828,-0.0009486074919550447,-0.0020350158859730586,0.00013780090206296934
gppo_event_no_gate,10.0,5,0.7378343307019778,0.6865516259647366,0.789117035439219,0.04444444444444444,0.013600000000000004,0.07528888888888888,22.426433959575398,21.381155711507787,23.47171220764301,0.9600605413105413,0.9005901964298898,1.019530886191193,23.344444444444445,21.928116724817833,24.760772164071057,5.277777777777778,4.22612243358798,6.3294331219675755,0.9324148346207171,0.8888758799457226,0.9759537892957115,0.0017908664071001113,-0.01478241980127462,0.018364152615474843
gppo_event_no_gate,11.0,5,0.7425378905771063,0.7299694972035787,0.7551062839506338,0.02222222222222222,-0.015554352922033901,0.05999879736647834,23.093656189205426,21.60360845338372,24.58370392502713,0.9720085470085472,0.9609194669010791,0.9830976271160153,24.433333333333334,23.52172474719508,25.344941919471587,5.211111111111111,4.889825096460806,5.532397125761417,0.9516063589409598,0.9172847179959184,0.9859279998860012,-0.0034386412939056755,-0.008952378270643518,0.002075095682832167
gppo_event_no_gate,12.0,5,0.7373978940134098,0.666352054940273,0.8084437330865466,0.03333333333333333,-0.004443241810922788,0.07110990847758945,23.330575606182016,21.66057166521952,25.00057954714451,0.9671593067426401,0.8828177737046499,1.0515008397806302,24.877777777777776,23.40384573518801,26.351709820367542,5.2555555555555555,3.9346352448779984,6.576475866233112,0.9426822273300601,0.8721644130534845,1.0132000416066358,-0.0010171325149713085,-0.002735637551295957,0.0007013725213533403
gppo_event_no_gate,13.0,5,0.7334083010308501,0.6868927226221978,0.7799238794395024,0.01111111111111111,-0.019733333333333325,0.041955555555555545,22.443906101490878,21.079606830632862,23.808205372348894,0.9609330484330485,0.9039189053646222,1.0179471915014748,23.866666666666667,22.466213396833055,25.26711993650028,5.311111111111112,4.293244444444445,6.328977777777778,0.928323949620838,0.8789100827799611,0.9777378164617149,-0.003023957923869602,-0.010724616206127077,0.004676700358387872
gppo_event_no_gate,14.0,5,0.7317006734621825,0.6508682263635869,0.8125331205607781,0.02222222222222222,-0.015554352922033901,0.05999879736647834,22.8752907073775,20.98689822023054,24.763683194524457,0.9592592592592591,0.8551222668556636,1.0633962516628548,24.044444444444444,23.027980764890742,25.060908123998146,5.4,3.727986422171027,7.072013577828974,0.9350671750181553,0.8666420632356178,1.0034922868006928,0.003468107333173975,-0.002369121427813056,0.009305336094161006
gppo_event_no_gate,15.0,5,0.7406560520563079,0.6894973497461319,0.791814754366484,0.0,0.0,0.0,22.383719921541672,21.584405327538473,23.183034515544872,0.9662749287749287,0.9031884964896674,1.02936136106019,23.41111111111111,21.90272631951907,24.919495902703154,5.3,4.216485987488559,6.383514012511441,0.9419230823642588,0.8941882146066044,0.9896579501219133,-0.0011610962741542608,-0.02259773691653685,0.020275544368228326
gppo_event_no_gate,16.0,5,0.7272226973793469,0.684363647375591,0.7700817473831028,0.0,0.0,0.0,23.188306123784745,22.52552805515585,23.85108419241364,0.9562262583095917,0.9002063772541204,1.012246139365063,24.84444444444444,23.34016496817813,26.348723920710754,5.422222222222222,4.509049536701982,6.335394907742462,0.9520154089303705,0.9108355117197442,0.9931953061409968,-0.00018945256306324154,-0.0017457306750360512,0.001366825548909568
gppo_event_no_gate,17.0,5,0.7306335766629884,0.6432426653685711,0.8180244879574058,0.02222222222222222,-0.015554352922033901,0.05999879736647834,23.10296890553016,20.967467837081024,25.2384699739793,0.9530151946818612,0.8423089013776834,1.063721487986039,23.955555555555556,21.54632998006864,26.36478113104247,5.5,3.619373978671261,7.380626021328739,0.9385227185589505,0.843238233088516,1.033807204029385,-0.00018903844405334286,-0.002576704630772624,0.002198627742665938
gppo_event_no_gate,18.0,5,0.7204940988253008,0.6526000636646556,0.788388133985946,0.02222222222222222,-0.015554352922033901,0.05999879736647834,22.66848115770241,21.903041955975393,23.433920359429425,0.936508784425451,0.8489402428032814,1.0240773260476206,23.822222222222223,22.74996179135436,24.894482653090087,5.611111111111111,4.318033419690606,6.904188802531616,0.9415714804440295,0.8731060547139597,1.0100369061740992,0.0007048475570627488,-0.018830776066986948,0.020240471181112444
gppo_event_no_gate,19.0,5,0.7127966056866313,0.6703724985273843,0.7552207128458782,0.0,0.0,0.0,23.59407952313261,22.557985915920003,24.630173130345216,0.9346035137701805,0.8793735595728303,0.9898334679675307,24.22222222222222,22.369628780784176,26.074815663660267,5.766666666666667,4.914388284046597,6.6189450492867365,0.9211895120366987,0.87126158075023,0.9711174433231675,-0.0016531377914361656,-0.009239438747734755,0.005933163164862423
gppo_event_no_gate,20.0,5,0.7006308887191239,0.6568499519057129,0.7444118255325349,0.01111111111111111,-0.019733333333333325,0.041955555555555545,23.06142121928182,21.953899404621342,24.168943033942295,0.910713437796771,0.859050243625497,0.9623766319680451,23.688888888888886,22.043257561051302,25.33452021672647,6.066666666666667,5.131871339758217,7.001461993575117,0.9196332371332371,0.8695407410524509,0.9697257332140232,0.0003092426049988717,-0.012519617226525729,0.013138102436523472
gppo_event_no_gate,21.0,5,0.7268284100386334,0.6899640298774186,0.7636927901998483,0.0,0.0,0.0,22.963704866327937,22.17591932731448,23.751490405341393,0.9534366096866096,0.9135854156324348,0.9932878037407844,24.15555555555556,23.32304120125081,24.988069909860307,5.555555555555555,4.720758772418604,6.390352338692507,0.9449721526037316,0.8929931492854907,0.9969511559219725,-0.0019949401903431863,-0.011120059347764034,0.007130178967077662
gppo_event_no_gate,22.0,5,0.7572706287902367,0.7016781484730118,0.8128631091074615,0.02222222222222222,-0.015554352922033901,0.05999879736647834,22.693470166442793,21.733623706107288,23.6533166267783,0.9850605413105413,0.9163778834703996,1.0537431991506832,24.077777777777776,22.702170883025904,25.453384672529648,4.955555555555556,3.7496600573499306,6.161451053761181,0.960923721340388,0.909410566131971,1.0124368765488048,-0.001909556711325422,-0.006906340553671365,0.0030872271310205214
gppo_event_no_gate,23.0,5,0.749003996343084,0.6961343502178748,0.8018736424682932,0.01111111111111111,-0.019733333333333325,0.041955555555555545,21.997108609585204,21.093411793729988,22.90080542544042,0.9798670465337131,0.9052118632318442,1.054522229835582,23.84444444444444,21.953476226315086,25.735412662573797,5.1,4.110811405216689,6.089188594783311,0.9519349213115198,0.8939286692153842,1.0099411734076553,-0.011775378679158167,-0.02379372478340027,0.00024296742508393698
gppo_event_no_gate,24.0,5,0.702733874694659,0.6654325169801735,0.7400352324091445,0.0,0.0,0.0,23.538877536622845,22.28210819959004,24.79564687365565,0.9147435897435898,0.8677940399799268,0.9616931395072529,24.31111111111111,23.652093010233788,24.970129211988432,5.977777777777779,5.1844696997484006,6.771085855807157,0.9298494397759104,0.9053888533843937,0.9543100261674271,0.001304993696976453,-0.0026368413971661724,0.0052468287911190785
gppo_event_no_gate,25.0,5,0.7228170512825244,0.6581062515573723,0.7875278510076764,0.02222222222222222,-0.015554352922033901,0.05999879736647834,23.294136237032358,22.320869234738133,24.267403239326583,0.9522198480531815,0.8685936745974858,1.0358460215088772,25.166666666666664,24.494427585151726,25.838905748181602,5.5888888888888895,4.273381469349115,6.904396308428664,0.9481199508789023,0.9030169535601722,0.9932229481976325,0.0019180301169399172,-0.00181059989223611,0.0056466601261159445
gppo_event_no_gate,26.0,5,0.7585016296812972,0.7205200029564066,0.7964832564061878,0.01111111111111111,-0.019733333333333325,0.041955555555555545,22.86200069992576,21.32437391396562,24.399627485885897,0.991298670465337,0.938968877276121,1.043628463654553,24.444444444444446,23.533357821467302,25.35553106742159,4.888888888888889,4.110104841419636,5.667672936358143,0.9507805293834706,0.9272320478848003,0.9743290108821409,-0.0009781873028259724,-0.009958444833591859,0.008002070227939913
gppo_event_no_gate,27.0,5,0.7685450914372483,0.7405342884615413,0.7965558944129552,0.04444444444444444,-0.013260227253802548,0.10214911614269143,22.17992817633373,21.11480110276354,23.245055249903917,0.9994598765432098,0.9596406506307895,1.03927910245563,24.366666666666667,22.882122562227632,25.851210771105702,4.6,4.051697162167375,5.148302837832624,0.9637566137566138,0.9086515433219349,1.0188616841912927,0.005007357435533777,-0.005657153756548451,0.015671868627616006
gppo_event_no_gate,28.0,5,0.7489910620228182,0.6997681090464832,0.7982140149991531,0.01111111111111111,-0.019733333333333325,0.041955555555555545,22.122298870407175,20.693339113716185,23.551258627098164,0.9847697056030389,0.9209529421809564,1.0485864690251214,24.044444444444444,22.76300718346474,25.32588170542415,4.933333333333334,4.045516840226735,5.821149826439932,0.9335301898537193,0.8838870902910624,0.9831732894163762,-0.0020065046119270846,-0.007586185590226479,0.00357317636637231
gppo_event_no_gate,29.0,5,0.7035211270132413,0.6642647199349362,0.7427775340915465,0.01111111111111111,-0.019733333333333325,0.041955555555555545,22.48421540421177,21.332800506791614,23.635630301631927,0.9230353751187085,0.876395147875513,0.969675602361904,23.4,22.401239933161566,24.39876006683843,5.933333333333334,5.239504712518562,6.6271619541481055,0.9035905537738446,0.8545640372326362,0.9526170703150529,-0.00271548418677412,-0.013717014815887486,0.008286046442339247
gppo_event_no_gate,30.0,5,0.7426047299125214,0.6946343565133951,0.7905751033116476,0.01111111111111111,-0.019733333333333325,0.041955555555555545,22.944612818780975,21.17780933682237,24.71141630073958,0.9696284425451094,0.9071730568354218,1.0320838282547968,24.577777777777776,22.93214644994019,26.22340910561536,5.155555555555556,4.173606789197002,6.137504321914109,0.9552296659404502,0.9144435436582182,0.9960157882226822,-0.0030609990208176896,-0.009621627916951364,0.0034996298753159853
gppo_event_no_gate,31.0,5,0.7329840943843501,0.6626389968652678,0.8033291919034323,0.01111111111111111,-0.019733333333333325,0.041955555555555545,23.013052118859772,21.12451561265959,24.901588625059954,0.9581077872744539,0.8623294551736478,1.05388611937526,24.03333333333333,22.173308475408373,25.89335819125829,5.333333333333334,3.850873475654338,6.81579319101233,0.9248810203645983,0.8581586601004002,0.9916033806287964,0.0038505353732034564,-0.005176935712319208,0.01287800645872612
gppo_event_no_gate,32.0,5,0.7853622060201008,0.7497690703798385,0.820955341660363,0.04444444444444444,-0.031108705844067802,0.11999759473295668,21.81225763541764,20.584890227930742,23.03962504290454,1.0206374643874643,0.9692246996804323,1.0720502290944962,24.288888888888888,23.14161652000909,25.436161257768685,4.333333333333334,3.631664592243764,5.035002074422904,0.9707817012920325,0.9446364301129266,0.9969269724711383,0.0019208990910556168,-0.0014655848746358909,0.005307383056747125
gppo_event_no_gate,33.0,5,0.7224202842113507,0.6514765783489026,0.7933639900737989,0.0,0.0,0.0,21.8562505921386,20.513086717091905,23.199414467185296,0.950664767331434,0.8572797784600269,1.044049756202841,23.044444444444444,20.75727117327637,25.33161771561252,5.699999999999999,4.249491012109674,7.1505089878903245,0.9027568970056183,0.8168846275250797,0.988629166486157,-0.001024057165098687,-0.009028093647304487,0.006979979317107114
gppo_event_no_gate,34.0,5,0.7638586495204143,0.7184721974345006,0.8092451016063279,0.03333333333333333,-0.02835555555555555,0.09502222222222222,22.588839020713902,21.548788608553153,23.62888943287465,0.9889601139601139,0.9325275795613353,1.0453926483588925,24.244444444444444,22.619173425677282,25.869715463211605,4.777777777777778,3.8785154188838584,5.677040136671697,0.9568572984749455,0.9045342497445168,1.0091803472053742,0.0017390671154316807,-0.005005595706179981,0.008483729937043343
gppo_event_no_gate,35.0,5,0.741431502845612,0.6700227311925211,0.8128402744987029,0.02222222222222222,-0.03946666666666665,0.08391111111111109,22.058771536478403,20.74473823143753,23.372804841519276,0.9663758309591642,0.876836754356181,1.0559149075621475,23.26666666666667,20.80470801410697,25.728625319226367,5.144444444444444,3.8217247591271333,6.467164129761755,0.924318630833976,0.8202535967826523,1.0283836648852998,0.00487875890127422,-0.005200844240186163,0.014958362042734603
gppo_event_no_gate,36.0,5,0.7384688033462543,0.720638925973164,0.7562986807193446,0.01111111111111111,-0.019733333333333325,0.041955555555555545,22.42794481424557,21.018932719737876,23.836956908753265,0.9617818138651473,0.9345460630461351,0.9890175646841595,24.211111111111112,23.580117904597234,24.84210431762499,5.366666666666666,4.974687292051806,5.758646041281526,0.9526322751322752,0.9299945257945622,0.9752700244699882,0.0028397160225722474,-0.009481624243581168,0.015161056288725662
gppo_event_no_gate,37.0,5,0.743347523462613,0.6915983189403301,0.795096727984896,0.03333333333333333,-0.02835555555555555,0.09502222222222222,21.895915360991914,21.191005086544838,22.60082563543899,0.9731303418803418,0.9018168946669145,1.044443789093769,23.211111111111112,21.704461818520365,24.71776040370186,5.122222222222222,4.059990426821381,6.184454017623063,0.934547876462838,0.8758331769849863,0.9932625759406897,0.009134535744669848,-0.01039243750944986,0.028661508998789553
gppo_event_no_gate,38.0,5,0.7488837312232677,0.6717491967670807,0.8260182656794547,0.01111111111111111,-0.019733333333333325,0.041955555555555545,22.150409858990763,21.501322475438347,22.79949724254318,0.9868886514719847,0.8862689155698037,1.0875083873741656,23.6,21.479009862712907,25.720990137287096,5.022222222222222,3.597355774766034,6.44708866967841,0.9174072614044345,0.8405635579217573,0.9942509648871117,0.01167506396304816,-0.015026307294302663,0.038376435220398984
gppo_event_no_gate,39.0,5,0.7143091569082618,0.6771072244066441,0.7515110894098795,0.02222222222222222,-0.015554352922033901,0.05999879736647834,22.24689328294527,20.696332609840706,23.797453956049832,0.9278074548907883,0.8728227942009612,0.9827921155806154,23.38888888888889,22.006899433675503,24.770878344102275,5.833333333333334,5.098549004515317,6.568117662151351,0.9207162550278494,0.8948328991314752,0.9465996109242235,-0.005646975117269903,-0.012695223237757836,0.001401273003218029
gppo_event_no_gate,40.0,5,0.7491483093017619,0.7054786322822109,0.792817986321313,0.02222222222222222,-0.015554352922033901,0.05999879736647834,22.59136742950963,20.034598944096178,25.148135914923085,0.9818732193732194,0.9270144479476505,1.0367319907987882,23.755555555555553,21.84382196494166,25.667289146169445,4.966666666666667,4.15997976884874,5.7733535644845935,0.9229352322179979,0.8561260664194549,0.9897443980165409,-0.003664436171432802,-0.012274082615390017,0.004945210272524413
gppo_event_no_gate,41.0,5,0.7408990576560236,0.7037958441150027,0.7780022711970445,0.01111111111111111,-0.019733333333333325,0.041955555555555545,22.804365621372447,21.25925511984211,24.349476122902786,0.9649394586894585,0.916889644899064,1.012989272479853,23.9,22.61578163773628,25.184218362263717,5.233333333333333,4.627336151251305,5.839330515415361,0.9505158730158729,0.8989125808705565,1.0021191651611894,0.0003700209257658571,-0.007416053464553414,0.008156095316085127
gppo_event_no_gate,42.0,5,0.7523334007882175,0.7005417170034807,0.8041250845729544,0.03333333333333333,-0.004443241810922788,0.07110990847758945,22.90881077299725,20.801122149613278,25.01649939638122,0.9792319563152896,0.9112807252262634,1.0471831874043158,24.98888888888889,23.248567813928695,26.729209963849087,4.944444444444445,3.9950065496617566,5.893882339227132,0.9566726299654688,0.9278092627021884,0.9855359972287491,-0.0038305103196762504,-0.012245993086977696,0.004584972447625196
gppo_event_no_gate,43.0,5,0.7976838037952702,0.776996703500728,0.8183709040898123,0.05555555555555556,0.006786206752069895,0.10432490435904122,21.711614434419694,20.620513659425235,22.802715209414153,1.0389957264957264,1.005183077350216,1.0728083756412368,24.922222222222224,24.32771605886342,25.51672838558103,3.977777777777778,3.518723733782257,4.436831821773299,0.9744228012842564,0.9611123246693589,0.9877332778991539,-0.0006881431443616747,-0.01192844432131376,0.010552158032590412
gppo_event_no_gate,44.0,5,0.7289915925380546,0.655851968124306,0.8021312169518031,0.02222222222222222,-0.03946666666666665,0.08391111111111109,22.612959511342346,20.835168626997625,24.390750395687068,0.9565349002849004,0.8644894308270983,1.0485803697427025,23.87777777777778,22.857810248882867,24.897745306672693,5.4,3.8714095795209738,6.928590420479027,0.9270498283488479,0.8663540368479897,0.987745619849706,-0.010737561871064828,-0.016861423142418404,-0.00461370059971125
gppo_event_no_gate,45.0,5,0.7285878730060317,0.6678053458352888,0.7893704001767745,0.0,0.0,0.0,22.238621618427903,21.76503834141288,22.712204895442927,0.9571225071225072,0.8762593724187641,1.0379856418262503,24.233333333333334,22.50054526183101,25.966121404835658,5.333333333333334,4.17512547122401,6.491541195442658,0.9282189542483661,0.853536786579697,1.0029011219170352,-0.004551978601375595,-0.024255308630383818,0.015151351427632626
gppo_event_no_gate,46.0,5,0.7299663181771026,0.6483979204171254,0.8115347159370797,0.03333333333333333,-0.004443241810922788,0.07110990847758945,23.06394786742933,21.304160189987353,24.823735544871308,0.9581433998100666,0.8596083283492653,1.056678471270868,24.444444444444446,23.16989317894154,25.718995709947354,5.322222222222222,3.6767354318516796,6.967709012592764,0.9342090725178961,0.8686359800633748,0.9997821649724173,-0.002458683880013268,-0.008510711041851826,0.0035933432818252907
gppo_event_no_gate,47.0,5,0.7554720053004366,0.7113921439813755,0.7995518666194976,0.03333333333333333,-0.02835555555555555,0.09502222222222222,22.788517759750697,21.072111585031,24.504923934470394,0.9975605413105413,0.9371223579956744,1.0579987246254081,24.88888888888889,23.630299484480567,26.147478293297212,4.9111111111111105,3.957174669922726,5.865047552299496,0.9582407407407407,0.9130586537861781,1.0034228276953034,0.001185212016571313,-0.013492005463661862,0.015862429496804487
gppo_event_no_gate,48.0,5,0.7660478542170785,0.7402579770022266,0.7918377314319305,0.03333333333333333,-0.004443241810922788,0.07110990847758945,22.221486646320724,20.930746589750044,23.512226702891404,1.0131469610636277,0.9663042216197871,1.0599897005074683,24.455555555555552,23.459179736727297,25.451931374383808,4.68888888888889,4.06892322835041,5.30885454942737,0.9631278353092079,0.9286987937997224,0.9975568768186933,-0.002215333009371534,-0.010003530285890226,0.005572864267147159
gppo_event_no_gate,49.0,5,0.7530702229192381,0.7069089893941363,0.7992314564443399,0.02222222222222222,-0.015554352922033901,0.05999879736647834,22.183726880784384,20.82594892852142,23.541504833047348,0.9784722222222223,0.9130820351851152,1.0438624092593294,23.788888888888888,21.45335130316671,26.124426474611067,5.0,4.090219595075172,5.909780404924828,0.9416787608763311,0.8861555834690917,0.9972019382835704,-0.0074366845423355695,-0.012346000748058503,-0.002527368336612635
gppo_event_no_gate,50.0,5,0.7703667746559903,0.7424770555346565,0.7982564937773242,0.03333333333333333,-0.02835555555555555,0.09502222222222222,21.54764108554783,20.64702920229336,22.4482529688023,1.0034128679962013,0.9679153438650965,1.0389103921273062,23.411111111111108,22.63141138543319,24.190810836789026,4.6,3.899348908091486,5.300651091908513,0.9393243947410614,0.9205930696878984,0.9580557197942244,0.007127033028518781,-0.001806894145684421,0.016060960202721984
gppo_event_no_gate,51.0,5,0.7478170415435974,0.6778771444867024,0.8177569386004924,0.02222222222222222,-0.015554352922033901,0.05999879736647834,22.209582108881687,20.868181601528406,23.55098261623497,0.9760624406457741,0.8910294162338105,1.0610954650577376,24.288888888888888,23.283009985935156,25.29476779184262,5.033333333333333,3.617677495964468,6.448989170702198,0.9448321096115213,0.9055370324254358,0.9841271867976068,0.0034015662204183172,-0.003971050552318244,0.010774182993154878
gppo_event_no_gate,52.0,5,0.7533599144532648,0.7107006940327172,0.7960191348738124,0.02222222222222222,-0.015554352922033901,0.05999879736647834,22.849914033235557,21.914201077061556,23.785626989409558,0.9825083095916429,0.9195796685427624,1.0454369506405234,24.388888888888893,22.795839771203557,25.98193800657423,4.9222222222222225,4.058577777777778,5.785866666666667,0.9633240670005376,0.9248985988899288,1.0017495351111465,0.00043992253486067054,-0.007182681859590012,0.008062526929311352
gppo_event_no_gate,53.0,5,0.7230266955266955,0.6660669240263956,0.7799864670269955,0.04444444444444444,0.013600000000000004,0.07528888888888888,22.80220018599385,20.776444140523616,24.827956231464086,0.9469076448243114,0.8740349033361492,1.0197803863124737,23.522222222222222,21.756664021259237,25.287780423185207,5.533333333333333,4.354163494363644,6.712503172303022,0.911716934394897,0.8399260230682949,0.9835078457214991,0.0012867209501564504,-0.00023067155901705032,0.0028041134593299512
gppo_event_no_gate,54.0,5,0.7849247493610239,0.7509973188346737,0.818852179887374,0.01111111111111111,-0.019733333333333325,0.041955555555555545,21.545879195519554,20.240159157875823,22.851599233163284,1.0277481006647673,0.9786986552138038,1.0767975461157309,24.2,22.175278943644486,26.224721056355513,4.311111111111111,3.400546750500168,5.221675471722054,0.9615168845315905,0.8997867768518619,1.023246992211319,0.0008989894296973944,-0.003615085383873776,0.0054130642432685646
gppo_event_no_gate,55.0,5,0.7504705977691912,0.7131742325349806,0.7877669630034019,0.03333333333333333,-0.02835555555555555,0.09502222222222222,22.55663489405399,21.78469261201281,23.328577176095166,0.9796058879392211,0.9348879279454079,1.0243238479330343,24.477777777777778,23.969545938000927,24.98600961755463,5.033333333333333,4.171066972492881,5.895599694173786,0.9372748251347323,0.897651655680563,0.9768979945889015,-0.0023790461593307553,-0.010300787929301041,0.005542695610639531
gppo_event_no_gate,56.0,5,0.7726853635613227,0.7412094579804799,0.8041612691421655,0.0,0.0,0.0,22.362709875426376,21.486946840158232,23.23847291069452,1.0144112060778727,0.9753349859634113,1.0534874261923342,24.72222222222222,23.468366153139606,25.976078291304837,4.522222222222221,4.037954621472592,5.006489822971851,0.9758815728018627,0.9326813839948078,1.0190817616089176,0.0002943566651083529,-0.009470938490345112,0.010059651820561817
gppo_event_no_gate,57.0,5,0.7557038583988712,0.717917101259579,0.7934906155381635,0.03333333333333333,-0.004443241810922788,0.07110990847758945,21.81457970214101,20.977861538449226,22.651297865832795,0.9906339031339032,0.9331593439352147,1.0481084623325918,23.544444444444444,22.94041287630529,24.148476012583597,4.9222222222222225,4.064103390772353,5.780341053672092,0.9326173971272012,0.9092770296867037,0.9559577645676987,-0.004141267994418741,-0.01782951804063318,0.009546982051795697
gppo_event_no_gate,58.0,5,0.7606225416493173,0.6962356475716884,0.8250094357269462,0.01111111111111111,-0.019733333333333325,0.041955555555555545,21.83438473652228,21.025392491486635,22.643376981557928,1.0042438271604939,0.9162047202424514,1.0922829340785365,23.933333333333334,21.949073998430723,25.917592668235944,4.822222222222222,3.5361531335878897,6.108291310856554,0.951780303030303,0.88222498054776,1.021335625512846,0.0004268156277248636,-0.0171511491875528,0.018004780443002525
gppo_event_no_gate,59.0,5,0.7838189669807317,0.721617430388945,0.8460205035725185,0.02222222222222222,-0.03946666666666665,0.08391111111111109,21.485818997457862,20.373110205837545,22.59852778907818,1.0202397910731245,0.9408848780874329,1.099594704058816,23.444444444444443,22.218402026794653,24.670486862094233,4.322222222222222,3.0594821594330353,5.584962285011409,0.9611846405228757,0.9147995515129391,1.0075697295328123,0.0051522546331398186,-0.008298432509882674,0.018602941776162313
gppo_event_no_gate,60.0,5,0.7589760733015208,0.7175630470702858,0.8003890995327558,0.02222222222222222,-0.015554352922033901,0.05999879736647834,21.815025430393984,20.076109519492743,23.553941341295225,0.9891322412155745,0.931955873732901,1.046308608698248,24.27777777777778,23.542993448959763,25.012562106595794,4.8,3.903917129052821,5.696082870947179,0.9563320883909119,0.9212447284644709,0.9914194483173528,-0.005613165537943133,-0.011598923233264804,0.00037259215737853787
gppo_event_no_gate,61.0,5,0.7441040031997205,0.66492702070564,0.8232809856938009,0.02222222222222222,-0.015554352922033901,0.05999879736647834,21.778360064711347,20.850344947497653,22.70637518192504,0.9724655745489079,0.8712283527129604,1.0737027963848556,23.377777777777776,21.258470387538928,25.497085168016625,5.088888888888889,3.4331712926429234,6.744606485134854,0.9289153439153439,0.8466687091955979,1.0111619786350898,-0.00824436629191041,-0.01904685545752807,0.0025581228737072484
gppo_event_no_gate,62.0,5,0.7455182761837987,0.6972041318293983,0.7938324205381991,0.03333333333333333,-0.02835555555555555,0.09502222222222222,22.63279498690197,20.547189111206688,24.718400862597253,0.9822412155745489,0.911419506167643,1.0530629249814547,24.477777777777778,23.13631037118045,25.819245184375106,5.122222222222222,4.234405729115624,6.01003871532882,0.9374133017513687,0.883344460226177,0.9914821432765605,0.001671855681343004,-0.009055909480477683,0.012399620843163692
gppo_event_no_gate,63.0,5,0.7667998833994145,0.7083791432029811,0.8252206235958479,0.03333333333333333,-0.004443241810922788,0.07110990847758945,22.961606939959697,21.258304313560508,24.664909566358887,0.9973646723646723,0.9167028702772687,1.0780264744520758,25.27777777777778,24.266475036474315,26.289080519081242,4.655555555555556,3.4786065674962483,5.8325045436148635,0.9762009803921569,0.9673156743089093,0.9850862864754044,-0.0006329550204100087,-0.008268448265394907,0.00700253822457489
gppo_event_no_gate,64.0,5,0.7514040144677399,0.6831474662904067,0.819660562645073,0.03333333333333333,-0.004443241810922788,0.07110990847758945,22.321948555605523,20.652522326019017,23.99137478519203,0.9866631054131055,0.904372624659898,1.068953586166313,24.055555555555554,23.093673644988282,25.017437466122825,4.955555555555556,3.5283540801646343,6.382757030946477,0.9483469145233852,0.9104264469915586,0.9862673820552117,-0.0038425805629231035,-0.017886385316374567,0.010201224190528359
gppo_event_no_gate,65.0,5,0.7674473990298798,0.7183855770947396,0.81650922096502,0.04444444444444444,0.013600000000000004,0.07528888888888888,21.10564532113434,20.438633377763754,21.772657264504925,0.9997507122507123,0.9337524043594575,1.0657490201419673,22.76666666666667,20.828491505577837,24.7048418277555,4.655555555555556,3.516605910780453,5.794505200330659,0.9169623404917522,0.8620093399147007,0.9719153410688036,-0.009117543410199384,-0.020564865363045894,0.002329778542647128
gppo_event_no_gate,66.0,5,0.7729414240443652,0.7185291547430428,0.8273536933456875,0.02222222222222222,-0.015554352922033901,0.05999879736647834,22.003985174966527,20.55798025639057,23.449990093542482,1.0076566951566952,0.9300245731753057,1.0852888171380846,24.11111111111111,21.9251777155392,26.297044506683022,4.477777777777778,3.2608872380499796,5.694668317505576,0.9558787808052515,0.8709306432073167,1.0408269184031862,0.0011393861466785892,-0.008161871468885298,0.010440643762242475
gppo_event_no_gate,67.0,5,0.7479453895681966,0.6993766715041746,0.7965141076322185,0.01111111111111111,-0.019733333333333325,0.041955555555555545,22.718120759962353,21.12236496826646,24.313876551658247,0.9790776353276354,0.9163580627239534,1.0417972079313174,24.533333333333335,23.559654780652515,25.507011886014155,5.055555555555555,4.071670959291628,6.039440151819483,0.9500396825396826,0.9202459660557658,0.9798333990235994,-0.0012548328144475819,-0.008454491370640051,0.005944825741744887
gppo_event_no_gate,68.0,5,0.764486612973399,0.6983295467554602,0.8306436791913379,0.02222222222222222,-0.015554352922033901,0.05999879736647834,22.884258370946746,20.848280448635386,24.920236293258107,1.0020180436847104,0.9146967286722001,1.0893393586972206,24.488888888888887,23.35098386475435,25.626793913023423,4.711111111111111,3.3689346836362675,6.0532875385859555,0.959575383293414,0.9109120175708098,1.0082387490160183,0.007157225691480562,0.00260626569747514,0.011708185685485983
gppo_event_no_gate,69.0,5,0.7543178989306776,0.720438552988261,0.7881972448730942,0.0,0.0,0.0,22.497427753027715,21.55494228452675,23.43991322152868,0.9866452991452993,0.944717249597892,1.0285733486927067,24.422222222222224,23.119432339122817,25.725012105321632,4.933333333333333,4.207669021593164,5.658997645073502,0.9471926410811186,0.9043371322035976,0.9900481499586395,-0.0003095374471740797,-0.002128876894925231,0.0015098020005770716
gppo_event_no_gate,70.0,5,0.7742888035758879,0.7422275823637952,0.8063500247879807,0.02222222222222222,-0.015554352922033901,0.05999879736647834,21.92695520678891,21.02189141079069,22.83201900278713,1.0044278252611587,0.9640478566216195,1.044807793900698,24.322222222222223,23.50702975566548,25.137414688778964,4.466666666666667,3.7742106062877028,5.159122727045631,0.9622510115157175,0.9341009057910341,0.9904011172404008,0.008022727491334081,0.0009905187931547226,0.015054936189513441
gppo_event_no_gate,71.0,5,0.7313031571141119,0.69436009278531,0.7682462214429138,0.0,0.0,0.0,23.237008565683187,22.485573059542126,23.988444071824247,0.9570037986704651,0.9177186278657975,0.9962889694751328,24.5,23.92295328301753,25.07704671698247,5.333333333333333,4.650562450084533,6.016104216582133,0.9344844524693203,0.909650496494199,0.9593184084444416,0.0012477780226618051,-0.00754975689420759,0.0100453129395312
gppo_event_no_gate,72.0,5,0.7240635146491698,0.6661291447081847,0.781997884590155,0.02222222222222222,-0.015554352922033901,0.05999879736647834,21.915111117379762,20.880928406488273,22.94929382827125,0.9564280626780628,0.8750942221958783,1.0377619031602472,22.75555555555556,20.81787132030061,24.69323979081051,5.4111111111111105,4.209958583096639,6.612263639125582,0.901240560551706,0.8404706124487565,0.9620105086546554,-0.00014740127565649637,-0.011986678083831737,0.011691875532518745
gppo_event_no_gate,73.0,5,0.769506491148648,0.7335155684263441,0.8054974138709519,0.03333333333333333,-0.004443241810922788,0.07110990847758945,21.41888749769779,19.82316016562257,23.014614829773006,1.0134437321937324,0.9698819559818,1.0570055084056647,23.844444444444445,22.192465987645328,25.496422901243562,4.566666666666667,3.8247952578898543,5.30853807544348,0.9451506899055919,0.9028713575484886,0.9874300222626953,-0.0002911178453359753,-0.010719273339494894,0.010137037648822943
gppo_event_no_gate,74.0,5,0.7710515537953618,0.7244295329910844,0.8176735745996393,0.04444444444444444,-0.031108705844067802,0.11999759473295668,22.18821503412413,20.47901407775,23.89741599049826,1.0183345204178536,0.9594552113516212,1.0772138294840858,24.944444444444446,23.85066199829431,26.038226890594583,4.5777777777777775,3.7294153651203823,5.426140190435173,0.9695007262164126,0.9494607288799811,0.9895407235528441,0.0010430121037643403,-0.005934427359073123,0.008020451566601803
gppo_event_no_gate,75.0,5,0.7481168831168832,0.6993649178783299,0.7968688483554365,0.01111111111111111,-0.019733333333333325,0.041955555555555545,22.791969443502193,20.953725774476275,24.63021311252811,0.9759021842355177,0.9126179875262026,1.0391863809448327,23.844444444444445,22.364875313970355,25.324013574918535,5.08888888888889,4.1091225030273435,6.068655274750437,0.9283293789782437,0.8867389081799377,0.9699198497765498,-0.0032171104263397864,-0.012291704713821312,0.005857483861141738
gppo_event_no_gate,76.0,5,0.7609484505264555,0.7189239604848149,0.8029729405680962,0.0,0.0,0.0,21.928506171586633,20.659673972999023,23.197338370174243,0.9983202754036087,0.9357126862780409,1.0609278645291764,24.055555555555557,22.05779729585607,26.053313815255045,4.811111111111111,3.8240888888888884,5.798133333333333,0.9461175726329181,0.8814265054227532,1.010808639843083,0.0013698524213396012,-0.0028939443415996646,0.0056336491842788675
gppo_event_no_gate,77.0,5,0.7725406558928343,0.6790201844707959,0.8660611273148726,0.02222222222222222,-0.015554352922033901,0.05999879736647834,21.791122882830585,20.361473852515573,23.220771913145597,1.003056742640076,0.8749505795346453,1.1311629057455068,23.977777777777774,22.28442058692805,25.6711349686275,4.5888888888888895,2.5624065415200477,6.615371236257731,0.9417994605249508,0.8578049670425821,1.0257939540073195,0.006135135318618268,-0.020061304215131907,0.03233157485236844
gppo_event_no_gate,78.0,5,0.7597295341061325,0.6570610149316658,0.8623980532805993,0.01111111111111111,-0.019733333333333325,0.041955555555555545,22.054159299892746,19.766211819813282,24.34210677997221,0.9956493352326685,0.8668053259728088,1.1244933444925282,24.366666666666667,23.283152654155227,25.450180679178107,4.833333333333333,2.750476719431629,6.916189947235037,0.9516094529252422,0.893398502038482,1.0098204038120024,-0.005106300584156997,-0.021550448227290114,0.011337847058976117
gppo_event_no_gate,79.0,5,0.757307257920003,0.7072637016327337,0.8073508142072723,0.03333333333333333,-0.004443241810922788,0.07110990847758945,21.61528594172459,18.88918843552394,24.34138344792524,0.9836419753086421,0.9325666977154997,1.0347172529017845,23.27777777777778,21.43806761810454,25.117487937451017,4.888888888888888,3.927006978321618,5.850770799456159,0.933931283463466,0.8837028554070828,0.9841597115198492,0.004736338998191059,-0.015081561717974116,0.024554239714356232
gppo_event_no_gate,80.0,5,0.7686089495818822,0.7052651247155728,0.8319527744481916,0.03333333333333333,-0.004443241810922788,0.07110990847758945,21.19623858650929,20.703073129640327,21.68940404337825,1.0093126780626782,0.9303041680850884,1.088321188040268,23.788888888888888,22.835201810256375,24.7425759675214,4.622222222222222,3.349164717871882,5.895279726572562,0.9373537361804626,0.881585437205384,0.9931220351555412,0.0008051135882851668,-0.01069205524933456,0.012302282425904894
gppo_event_no_gate,81.0,5,0.7628371766808411,0.7273677685696771,0.798306584792005,0.03333333333333333,-0.02835555555555555,0.09502222222222222,22.352819476540823,21.05324577661373,23.652393176467918,1.0016559829059828,0.9572953859848436,1.046016579827122,24.77777777777778,22.77051764159189,26.785037913963667,4.777777777777778,3.9501344837058556,5.6054210718497,0.9584953834410357,0.9131880403157664,1.003802726566305,-0.006014940643217415,-0.017343521536363406,0.005313640249928574
gppo_event_no_gate,82.0,5,0.750340393952926,0.710300845069256,0.790379942836596,0.02222222222222222,-0.015554352922033901,0.05999879736647834,22.392214415805604,20.72729627138685,24.057132560224357,0.9886692782526116,0.9319376260973241,1.045400930407899,24.211111111111112,22.676309407749415,25.74591281447281,4.988888888888889,4.163547805935982,5.814229971841796,0.9482466117760235,0.8917701066780742,1.0047231168739728,-0.004610178404254839,-0.009939033832588425,0.0007186770240787477
gppo_event_no_gate,83.0,5,0.7804670145994124,0.7441892460780238,0.8167447831208009,0.0,0.0,0.0,21.979567249754933,20.52518111833293,23.433953381176934,1.0234745963912633,0.9713751505592612,1.0755740422232654,24.922222222222224,23.55007772131934,26.29436672312511,4.411111111111111,3.586923545259925,5.235298676962298,0.9725914254590725,0.9339939138727744,1.0111889370453706,0.0004845096787903458,-0.014021151815725254,0.014990171173305946
gppo_event_no_gate,84.0,5,0.7976545611156034,0.7735544389498104,0.8217546832813964,0.03333333333333333,-0.004443241810922788,0.07110990847758945,21.81976942263965,20.134185069105424,23.505353776173873,1.0438865147198482,1.0135503990715307,1.0742226303681657,24.53333333333333,23.6905967281719,25.376069938494762,4.033333333333333,3.590095339686189,4.476571326980477,0.9760690235690236,0.9546746597833726,0.9974633873546745,0.00954916647169739,-0.004432240654217413,0.023530573597612195
gppo_event_no_gate,85.0,5,0.7595020491727652,0.712014114671282,0.8069899836742485,0.01111111111111111,-0.019733333333333325,0.041955555555555545,22.258954267155538,20.61861736454545,23.899291169765625,0.9968720322886989,0.933749607403817,1.0599944571735809,24.111111111111107,22.54820755808892,25.674014664133296,4.688888888888888,3.799466455682171,5.5783113220956055,0.9494366281866281,0.913755524977335,0.9851177313959212,-0.0007390002021566034,-0.022875670247685925,0.021397669843372717
gppo_event_no_gate,86.0,5,0.7756821991600114,0.7343859795658448,0.8169784187541779,0.0,0.0,0.0,21.16308187068076,19.741749611330874,22.584414130030645,1.020020180436847,0.9651552221765706,1.0748851386971232,23.966666666666665,22.728462938640146,25.204870394693184,4.455555555555556,3.606072452300377,5.3050386588107346,0.9524691358024692,0.9029333961025837,1.0020048755023545,0.002460696327034384,-0.010974524532603738,0.015895917186672506
gppo_event_no_gate,87.0,5,0.7669352556723558,0.7286258809704679,0.8052446303742437,0.04444444444444444,-0.013260227253802562,0.10214911614269144,22.048274079753647,20.79119524424017,23.30535291526712,1.0110754985754986,0.9663837881834859,1.0557672089675112,24.18888888888889,23.27963149659994,25.09814628117784,4.611111111111111,3.8292789735278414,5.3929432486943805,0.9385093700779976,0.9306789392257985,0.9463398009301968,0.0027021604357287286,-0.0032382942101684964,0.008642615081625954
gppo_event_no_gate,88.0,5,0.7750260188250385,0.7271389620915059,0.8229130755585712,0.02222222222222222,-0.03946666666666665,0.08391111111111109,21.68216617973776,20.786371732966227,22.57796062650929,1.0108915004748338,0.9537687019382765,1.0680142990113912,23.822222222222223,22.918474736458258,24.725969707986188,4.555555555555555,3.5129859569669364,5.598125154144174,0.9517540719991701,0.8998372820450671,1.003670861953273,-0.00867806205060333,-0.024939126676383237,0.007583002575176575
gppo_event_no_gate,89.0,5,0.7681167199291555,0.7087853159878007,0.8274481238705104,0.03333333333333333,-0.004443241810922788,0.07110990847758945,21.810019370681193,21.046733365535495,22.57330537582689,1.000083095916429,0.9212479264796175,1.0789182653532408,23.255555555555553,21.219121332776997,25.29198977833411,4.633333333333334,3.524862787440882,5.7418038792257855,0.9225715488215489,0.8642869963163204,0.9808561013267774,0.0025582622038200498,-0.00922172531760613,0.01433824972524623
gppo_event_no_gate,90.0,5,0.7436505480194067,0.7114485047864919,0.7758525912523214,0.01111111111111111,-0.019733333333333325,0.041955555555555545,22.338214944631897,21.00759597258375,23.668833916680043,0.9821937321937323,0.938183748759637,1.0262037156278276,24.266666666666666,21.882748263058495,26.650585070274836,5.1,4.5283366854649625,5.671663314535037,0.940383776583467,0.8792079346388474,1.0015596185280866,-0.002651523455278948,-0.013470503944461322,0.008167457033903426
gppo_event_no_gate,91.0,5,0.7428865246874625,0.6798765131641591,0.805896536210766,0.03333333333333333,-0.02835555555555555,0.09502222222222222,22.566927941839538,20.678550444261795,24.45530543941728,0.9698955365622032,0.8911519997613954,1.0486390733630109,23.655555555555555,21.762701585983823,25.548409525127287,5.122222222222222,3.957461505207249,6.286982939237195,0.9339247846046093,0.8679610170681188,0.9998885521410997,5.7855615159496666e-05,-0.010088004151717062,0.010203715382036056
gppo_event_no_gate,92.0,5,0.7529298588122117,0.7249418911910485,0.780917826433375,0.01111111111111111,-0.019733333333333325,0.041955555555555545,22.13770586880509,20.57040482674536,23.705006910864817,0.9869420702754036,0.9473304479979339,1.0265536925528733,24.833333333333336,22.17193853704166,27.49472812962501,4.933333333333334,4.485291897859744,5.381374768806923,0.9463834422657952,0.8781989561568402,1.0145679283747502,0.0017538873595185577,-0.019164080806104853,0.022671855525141966
gppo_event_no_gate,93.0,5,0.7413566176726876,0.6960568697777313,0.7866563655676438,0.02222222222222222,-0.015554352922033901,0.05999879736647834,21.57278391260996,20.327012012601198,22.818555812618722,0.9647139126305792,0.8930916791370582,1.0363361461241,23.255555555555553,21.49201921829468,25.019091892816427,5.211111111111111,4.102855156363036,6.319367065859186,0.9156197478991596,0.8611755454101163,0.9700639503882028,0.005690101202344522,-0.004481149380046039,0.01586135178473508
gppo_event_no_gate,94.0,5,0.7643703491497609,0.7100123381043931,0.8187283601951286,0.01111111111111111,-0.019733333333333325,0.041955555555555545,21.874592938028247,21.240378110308306,22.508807765748188,0.9964862298195631,0.9322676387120856,1.0607048209270407,23.72222222222222,22.53862318267388,24.905821261770562,4.688888888888888,3.63429753136787,5.743480246409907,0.9457913301772951,0.8966655464770868,0.9949171138775034,-0.004190475580981001,-0.011816844334030015,0.003435893172068014
gppo_event_no_gate,95.0,5,0.7710818912545255,0.7105400082709526,0.8316237742380984,0.01111111111111111,-0.019733333333333325,0.041955555555555545,21.4001088950045,20.382326477733322,22.417891312275678,1.0076151471984804,0.9221028086174811,1.09312748577948,23.744444444444447,22.0602417446998,25.428647144189096,4.522222222222222,3.2517830260734613,5.792661418370983,0.9424781427722605,0.8900980600784174,0.9948582254661036,0.003302865760633722,-0.019949732882873033,0.026555464404140475
gppo_event_no_gate,96.0,5,0.7889879660691681,0.7275485269270214,0.8504274052113148,0.04444444444444444,-0.013260227253802562,0.10214911614269144,21.135994726648068,19.731741075402738,22.5402483778934,1.0265016619183285,0.947115148345782,1.105888175490875,23.966666666666665,22.610212302351695,25.323121030981635,4.177777777777777,3.0663073061130035,5.289248249442551,0.9475154320987654,0.9226916022044035,0.9723392619931274,0.0016330120241036638,-0.023960375269689187,0.027226399317896513
gppo_event_no_gate,97.0,5,0.7719261680664067,0.7446672884054851,0.7991850477273282,0.0,0.0,0.0,22.01111969857022,21.093820221877152,22.928419175263286,1.014891975308642,0.9875688342335361,1.0422151163837479,24.12222222222222,22.340705212397083,25.903739232047357,4.611111111111112,4.083589947765244,5.138632274456979,0.9595459850606909,0.9064380355830479,1.0126539345383339,0.008867023760831216,-0.004978163496029635,0.022712211017692066
gppo_event_no_gate,98.0,5,0.7511471676944822,0.7150298280935197,0.7872645072954447,0.02222222222222222,-0.015554352922033901,0.05999879736647834,22.62953007134352,19.70040518993626,25.558654952750782,0.9827219848053182,0.9358876758499468,1.0295562937606897,24.34444444444444,22.233570911145907,26.455317977742975,4.988888888888889,4.346687111436535,5.631090666341243,0.9481948216997236,0.9013073723085545,0.9950822710908926,0.01608828111202456,-0.017765763425557544,0.04994232564960666
gppo_event_no_gate,99.0,5,0.7479694824057569,0.6895955435981467,0.8063434212133671,0.01111111111111111,-0.019733333333333325,0.041955555555555545,21.628868375193935,20.63833208191969,22.61940466846818,0.9821165716999051,0.9190688760405213,1.045164267359289,23.6,22.568438923850284,24.63156107614972,4.977777777777778,3.892070858727303,6.063484696828253,0.9322215148685735,0.8769830561713589,0.9874599735657882,-0.0016354222258087247,-0.008009093300622461,0.004738248849005011
gppo_event_no_gate,100.0,5,0.7375344834903659,0.6921317277086513,0.7829372392720805,0.02222222222222222,-0.015554352922033901,0.05999879736647834,21.90060356596934,19.879466280659443,23.92174085127924,0.9620132953466287,0.9087603510833766,1.0152662396098808,22.97777777777778,21.173575509409517,24.781980046146046,5.122222222222222,4.378749535068747,5.865694909375697,0.909440384849592,0.81907972762617,0.999801042073014,-0.0012015756151716537,-0.014008134837712787,0.01160498360736948
gppo_event_single_head,1.0,5,0.7029794560922011,0.630616823720735,0.7753420884636673,0.02222222222222222,-0.015554352922033901,0.05999879736647834,23.2770998888014,22.59236457350344,23.96183520409936,0.9153905508072174,0.8157841812438956,1.0149969203705393,23.977777777777778,22.479677368081934,25.475878187473622,6.044444444444445,4.608106394204216,7.480782494684674,0.9213754609587944,0.8603278628397732,0.9824230590778156,-0.0012131973810028285,-0.006035697238425798,0.003609302476420141
gppo_event_single_head,2.0,5,0.6762780939448951,0.6493491625724215,0.7032070253173688,0.01111111111111111,-0.019733333333333325,0.041955555555555545,24.398892866032362,23.49112310098268,25.306662631082045,0.882175925925926,0.8454492415494147,0.9189026103024373,23.81111111111111,22.182185658133587,25.440036564088633,6.533333333333334,5.959179099312157,7.107487567354511,0.9044880310798783,0.8538181146793256,0.955157947480431,-0.006553090398665517,-0.017785634658288783,0.004679453860957749
gppo_event_single_head,3.0,5,0.6868341257097035,0.6263981143944787,0.7472701370249283,0.01111111111111111,-0.019733333333333325,0.041955555555555545,23.86645026680245,22.066746122920563,25.666154410684335,0.8966464862298196,0.8203797099132154,0.9729132625464237,23.333333333333336,22.0129533132138,24.653713353452872,6.333333333333334,5.0283544990127576,7.63831216765391,0.9005060172217035,0.8339004708387291,0.967111563604678,-0.00414052742999047,-0.028076299668880533,0.01979524480889959
gppo_event_single_head,4.0,5,0.7136254427111204,0.6636749900607276,0.7635758953615132,0.02222222222222222,-0.015554352922033901,0.05999879736647834,23.013958500388608,22.373126565938392,23.654790434838823,0.9307751661918328,0.8734715814385351,0.9880787509451304,23.37777777777778,22.444255494258442,24.311300061297118,5.811111111111112,4.679283899240473,6.9429383229817505,0.9186039391602051,0.8751557697437163,0.9620521085766939,0.00026751596597023307,-0.006084272767647489,0.006619304699587955
gppo_event_single_head,5.0,5,0.7217833687420218,0.6829585561178375,0.760608181366206,0.04444444444444444,-0.013260227253802548,0.10214911614269143,23.23152829764437,20.61351385222381,25.84954274306493,0.9378442545109211,0.8926793785048299,0.9830091305170123,24.022222222222222,22.060142159925018,25.984302284519426,5.7444444444444445,4.908793357707024,6.580095531181865,0.9264791856575745,0.8811686521081266,0.9717897192070224,-0.002923803357407451,-0.017289394911143476,0.011441788196328573
gppo_event_single_head,6.0,5,0.7091566092146587,0.6370729139392314,0.7812403044900861,0.02222222222222222,-0.015554352922033901,0.05999879736647834,23.161308849731952,22.39650127884662,23.926116420617284,0.9261811490978158,0.8455295196127566,1.006832778582875,23.755555555555553,22.349170648545147,25.16194046256596,5.933333333333333,4.458594673246212,7.408071993420453,0.9274243013703799,0.851731257802427,1.0031173449383328,0.002812832279596478,-0.014609789653725424,0.02023545421291838
gppo_event_single_head,7.0,5,0.7217109649991487,0.6435266987864635,0.7998952312118338,0.02222222222222222,-0.03946666666666665,0.08391111111111109,22.808766356041993,21.090321127978417,24.52721158410557,0.9443019943019942,0.8310026156870217,1.0576013729169667,23.677777777777777,20.982901649792453,26.3726539057631,5.6,3.988101087015996,7.211898912984003,0.9315831517792302,0.8454608414464759,1.0177054621119845,-0.002519572828896344,-0.009755868155850504,0.004716722498057815
gppo_event_single_head,8.0,5,0.6731705005234417,0.634308584007752,0.7120324170391314,0.02222222222222222,-0.015554352922033901,0.05999879736647834,23.42645508804609,22.047758419007547,24.805151757084634,0.8756588319088319,0.8195911067215504,0.9317265570961133,23.03333333333333,21.994649242764883,24.07201742390178,6.588888888888889,5.79558081085951,7.382196966918267,0.8919381489969724,0.8447574560173652,0.9391188419765797,-0.0052325941796880215,-0.017713031137610538,0.007247842778234495
gppo_event_single_head,9.0,5,0.7429633648218473,0.709169638013662,0.7767570916300327,0.01111111111111111,-0.019733333333333325,0.041955555555555545,24.78367501155575,22.19716426082838,27.37018576228312,0.9675035612535611,0.923615655325329,1.0113914671817932,25.26666666666667,24.00486873641392,26.52846459691942,5.311111111111112,4.542162142360123,6.0800600798621005,0.9751327702798293,0.960363600530734,0.9899019400289245,0.00011306875967420638,-0.008426776022978078,0.008652913542326491
gppo_event_single_head,10.0,5,0.7421127946127946,0.7020521308391632,0.7821734583864259,0.03333333333333333,-0.004443241810922788,0.07110990847758945,22.462754196209993,21.390081088687655,23.53542730373233,0.9662333808167141,0.9170284345190787,1.0154383271143494,23.08888888888889,21.33685385118749,24.840923926590285,5.177777777777778,4.249365123676006,6.10619043187955,0.9231429490988315,0.867983123355478,0.9783027748421851,-0.00722933491342701,-0.03725062868743479,0.022791958860580774
gppo_event_single_head,11.0,5,0.738671754897245,0.7132629556550214,0.7640805541394686,0.02222222222222222,-0.03946666666666665,0.08391111111111109,23.361310079524937,21.57862224122432,25.143997917825555,0.9679724596391264,0.9430470041747216,0.9928979151035311,24.744444444444447,23.36970233062594,26.119186558262953,5.2333333333333325,4.680709681341544,5.785956985325121,0.9541789669315245,0.9200789545305341,0.9882789793325149,0.0011919541575480253,-0.0035276554955274856,0.005911563810623536
gppo_event_single_head,12.0,5,0.734304858021767,0.669116473108641,0.7994932429348931,0.02222222222222222,-0.015554352922033901,0.05999879736647834,23.07693658732338,21.31758546726412,24.836287707382642,0.9628739316239316,0.8846523307983839,1.0410955324494793,24.77777777777778,23.182490706587714,26.373064848967843,5.344444444444444,4.085477141992957,6.603411746895931,0.9409649712268392,0.8785824869402524,1.0033474555134259,0.0013739409623667598,-0.007000396674435564,0.009748278599169083
gppo_event_single_head,13.0,5,0.7176762371615313,0.6767396436714787,0.7586128306515839,0.01111111111111111,-0.019733333333333325,0.041955555555555545,22.510708388756303,21.561252736042977,23.46016404146963,0.9395714624881292,0.8900007966504627,0.9891421283257956,23.77777777777778,22.385500417869352,25.170055137686205,5.622222222222222,4.757476892124438,6.486967552320006,0.9263310391496666,0.872798251235605,0.9798638270637283,-0.0012422308849636466,-0.009545823521915011,0.007061361751987719
gppo_event_single_head,14.0,5,0.7100092304525383,0.6368353056855098,0.7831831552195667,0.02222222222222222,-0.015554352922033901,0.05999879736647834,23.270655407759467,21.545682740917666,24.995628074601267,0.9300273029439696,0.8351219085967292,1.02493269729121,24.244444444444444,23.054232508549966,25.43465638033892,5.855555555555555,4.349537849365477,7.361573261745633,0.9380622046798518,0.8666073401384218,1.0095170692212818,0.0020717936917208136,-0.004849812474844046,0.008993399858285673
gppo_event_single_head,15.0,5,0.7480850737308538,0.6940323515353589,0.8021377959263486,0.01111111111111111,-0.019733333333333325,0.041955555555555545,22.315677171935256,21.549393677572382,23.08196066629813,0.9777955840455841,0.9051521060941791,1.050439061996989,23.8,22.05681127488788,25.54318872511212,5.133333333333335,3.920358152982084,6.346308513684585,0.9459749809014515,0.8920715589077075,0.9998784028951955,-0.00673951318312902,-0.015809376332008282,0.0023303499657502426
gppo_event_single_head,16.0,5,0.7331567978530894,0.6744194163970345,0.7918941793091443,0.01111111111111111,-0.019733333333333325,0.041955555555555545,23.290938382554124,22.837673551839096,23.744203213269152,0.9646189458689458,0.8883209542842017,1.04091693745369,24.566666666666666,23.116321661478565,26.017011671854767,5.322222222222222,4.16052855358445,6.483915890859994,0.9500216619366235,0.9048682698399556,0.9951750540332914,0.0008538483234588057,-0.002430698602637302,0.004138395249554913
gppo_event_single_head,17.0,5,0.730506748153807,0.6405349663309712,0.8204785299766428,0.03333333333333333,-0.004443241810922788,0.07110990847758945,22.64570755732357,20.68269139522196,24.60872371942518,0.953584995251662,0.8428491602167627,1.0643208302865612,23.98888888888889,21.306397367472815,26.671380410304966,5.466666666666667,3.6156144845981166,7.3177188487352165,0.9345258049787034,0.8368212306763512,1.0322303792810557,-0.0009773229544710678,-0.0071714506068859055,0.005216804697943771
gppo_event_single_head,18.0,5,0.7409647104340199,0.6667693241919995,0.8151600966760403,0.02222222222222222,-0.015554352922033901,0.05999879736647834,22.935428694346925,21.3864738468824,24.48438354181145,0.9621794871794872,0.8647108413139621,1.0596481330450123,24.077777777777776,23.22941536512038,24.92614019043517,5.2,3.725906598600556,6.674093401399444,0.9492597779852682,0.8927773451550921,1.0057422108154441,-0.003508969466201961,-0.014745159329183704,0.007727220396779781
gppo_event_single_head,19.0,5,0.7253470635802264,0.6777359680343903,0.7729581591260625,0.01111111111111111,-0.019733333333333325,0.041955555555555545,23.21739335304192,22.138402520475868,24.296384185607973,0.9508843779677113,0.8848389906047919,1.0169297653306308,24.166666666666664,22.765873769504225,25.567459563829104,5.533333333333333,4.441074110268419,6.625592556398248,0.9266754286255565,0.8839345424257423,0.9694163148253707,0.0007065994432196021,-0.005846579872760848,0.007259778759200052
gppo_event_single_head,20.0,5,0.7231348970564656,0.6990100047852651,0.7472597893276661,0.01111111111111111,-0.019733333333333325,0.041955555555555545,22.7666410319645,21.593876617875967,23.939405446053033,0.9413936372269707,0.9140068804479387,0.9687803940060027,23.677777777777777,22.100935685274106,25.25461987028145,5.633333333333333,5.082433940309009,6.184232726357656,0.9231806156806156,0.8797034060728256,0.9666578252884056,0.0033833018474979325,-0.0020270044503284987,0.008793608145324363
gppo_event_single_head,21.0,5,0.7395954646642268,0.6970935074559049,0.7820974218725486,0.01111111111111111,-0.019733333333333325,0.041955555555555545,22.768102002809325,21.69165895366047,23.844545051958182,0.97286918328585,0.9242169349209087,1.0215214316507912,24.288888888888888,23.375976700502893,25.201801077274883,5.288888888888889,4.32774907582998,6.250028701947797,0.9455360623781676,0.8997816184398123,0.9912905063165228,-0.0007773992139846087,-0.009283068014612967,0.0077282695866437495
gppo_event_single_head,22.0,5,0.7621891298606985,0.6948528785292347,0.8295253811921623,0.02222222222222222,-0.015554352922033901,0.05999879736647834,22.35554447461905,20.996455149744204,23.7146337994939,0.9935185185185185,0.9052905795412415,1.0817464574957953,24.177777777777777,22.910337557062647,25.445217998492907,4.8,3.3659821004268125,6.234017899573187,0.9652006172839507,0.9149619117587722,1.0154393228091292,-0.0004594170139171183,-0.004714132442595019,0.003795298414760782
gppo_event_single_head,23.0,5,0.7655259358903859,0.7187892738778077,0.8122625979029641,0.02222222222222222,-0.015554352922033901,0.05999879736647834,21.441269896420458,20.721736219445486,22.16080357339543,1.0010980531813867,0.9318254648337801,1.070370641528993,23.7,21.870271782173344,25.529728217826655,4.7444444444444445,3.840433820667691,5.648455068221198,0.9553608472374456,0.9001077858131319,1.0106139086617594,0.003407685531419702,-0.007456896466442176,0.01427226752928158
gppo_event_single_head,24.0,5,0.7129145092380387,0.6738793180581268,0.7519497004179505,0.0,0.0,0.0,23.664091865360252,22.610897838402227,24.717285892318277,0.9309294871794872,0.8803395797243122,0.9815193946346622,24.422222222222224,23.668897575926852,25.175546868517596,5.755555555555555,4.828168205636373,6.682942905474737,0.9329579053843761,0.9090080653268877,0.9569077454418644,6.398037658073008e-05,-0.004985451118695713,0.005113411871857173
gppo_event_single_head,25.0,5,0.7203525020021184,0.6566301416196177,0.7840748623846191,0.02222222222222222,-0.015554352922033901,0.05999879736647834,23.631834943020056,21.675982029534733,25.58768785650538,0.9473706077872744,0.8698034460467323,1.0249377695278166,25.211111111111112,24.63530225050664,25.786919971715584,5.711111111111111,4.44367089039598,6.978551331826242,0.9487112252308331,0.9055241326348812,0.991898317826785,0.00488371123210527,-0.0011105724047899895,0.01087799486900053
gppo_event_single_head,26.0,5,0.7486741250445428,0.7047967805410041,0.7925514695480814,0.03333333333333333,-0.02835555555555555,0.09502222222222222,23.22736756784898,21.696533769521817,24.75820136617614,0.9779083570750238,0.9198349219421281,1.0359817922079195,24.53333333333333,23.30573994426312,25.760926722403543,5.0888888888888895,4.142461904103024,6.0353158736747545,0.9527232761791586,0.9313879227190061,0.9740586296393112,1.9948424596805126e-05,-0.013556258816154734,0.013596155665348343
gppo_event_single_head,27.0,5,0.773597871808656,0.744194042965223,0.8030017006520891,0.03333333333333333,-0.004443241810922788,0.07110990847758945,21.72381111904915,20.500699514178006,22.94692272392029,1.0064339981006647,0.9688810742491524,1.0439869219521771,24.38888888888889,22.947921744533712,25.829856033244067,4.5,3.8697611191670416,5.130238880832958,0.9636042097998618,0.9088319273183583,1.0183764922813654,-0.00207368524861522,-0.009937725864128635,0.0057903553668981955
gppo_event_single_head,28.0,5,0.7619786080879433,0.7183186159860944,0.8056386001897922,0.0,0.0,0.0,21.775717208773276,20.587963544233833,22.96347087331272,1.0018162393162393,0.943612010988631,1.0600204676438476,24.133333333333333,23.027010571954143,25.239656094712522,4.688888888888888,3.854662127520784,5.523115650256993,0.939787970743853,0.8973753470239821,0.9822005944637239,0.0002886276415665634,-0.010969521768469267,0.011546777051602394
gppo_event_single_head,29.0,5,0.7191784118126829,0.6674630316862135,0.7708937919391524,0.0,0.0,0.0,22.369100093261434,21.574367393990965,23.163832792531903,0.9442307692307692,0.8818639542349299,1.0065975842266084,23.466666666666665,22.658506904927794,24.274826428405536,5.611111111111112,4.639388720230738,6.582833501991486,0.9055019125202415,0.8616933200104392,0.9493105050300438,0.009840626909863204,-0.011568305595617244,0.03124955941534365
gppo_event_single_head,30.0,5,0.7551989661716184,0.7259112787562576,0.7844866535869792,0.01111111111111111,-0.019733333333333325,0.041955555555555545,22.73749868926463,21.896440414466745,23.578556964062514,0.9856778252611587,0.9432367734231814,1.028118877099136,24.322222222222223,22.7529400643984,25.891504380046047,4.9222222222222225,4.3119229732194615,5.5325214712249835,0.9556143012760661,0.9112561644026194,0.9999724381495128,-0.0017080023069866001,-0.013550322280625028,0.01013431766665183
gppo_event_single_head,31.0,5,0.7360384095081451,0.6800307296403434,0.7920460893759469,0.01111111111111111,-0.019733333333333325,0.041955555555555545,22.550194350163697,21.178525579536135,23.921863120791258,0.9615859449192783,0.8848482750772151,1.0383236147613415,23.9,21.942288750783547,25.85771124921645,5.311111111111112,4.110949061147508,6.511273161074715,0.921954524233936,0.8610707564054978,0.9828382920623742,-0.005943021056009456,-0.012101777227576624,0.00021573511555771085
gppo_event_single_head,32.0,5,0.7762755931718781,0.7420573177614421,0.8104938685823141,0.02222222222222222,-0.015554352922033901,0.05999879736647834,21.778428853679937,19.613503876869448,23.943353830490427,1.008968423551757,0.9614562314527069,1.0564806156508073,24.299999999999997,23.03143433266319,25.568565667336806,4.522222222222222,3.824632985132297,5.219811459312147,0.9700671657918034,0.9447527379444274,0.9953815936391794,-0.007790879264939576,-0.023627960905953413,0.008046202376074263
gppo_event_single_head,33.0,5,0.7346425130970494,0.6855563569199158,0.783728669274183,0.02222222222222222,-0.03946666666666665,0.08391111111111109,22.066346603536257,20.668725961631154,23.46396724544136,0.9675213675213676,0.9033237851358173,1.031718949906918,23.444444444444443,21.232551503941465,25.65633738494742,5.388888888888889,4.449524890756294,6.328252887021485,0.9079788430523724,0.8233732965246735,0.9925843895800713,-0.0002511984183608244,-0.00963659048480625,0.0091341936480846
gppo_event_single_head,34.0,5,0.768048399494478,0.7183296747327299,0.8177671242562261,0.03333333333333333,-0.02835555555555555,0.09502222222222222,22.334897605728603,21.842137083378496,22.82765812807871,0.9962072649572649,0.9316219997584378,1.0607925301560919,24.233333333333334,22.587846542962794,25.878820123703875,4.666666666666667,3.6683829938772017,5.664950339456132,0.9621568627450982,0.90465672218682,1.0196570033033763,-0.0074276065221056346,-0.015609601648013505,0.0007543886038022356
gppo_event_single_head,35.0,5,0.7520763853777493,0.6758536481820093,0.8282991225734894,0.01111111111111111,-0.019733333333333325,0.041955555555555545,21.90259070895437,20.63079304461854,23.174388373290203,0.9824133428300094,0.8841894308798947,1.0806372547801242,23.211111111111112,20.67679370536131,25.745428516860915,4.933333333333333,3.438570693271889,6.428095973394776,0.9248071692445095,0.8246766521036246,1.0249376863853943,0.005439487755453835,-0.006682005355597808,0.017560980866505475
gppo_event_single_head,36.0,5,0.7518763144988635,0.7202334702290617,0.7835191587686653,0.01111111111111111,-0.019733333333333325,0.041955555555555545,21.955788268831764,20.378220804368468,23.53335573329506,0.980917616334283,0.9425989373416283,1.0192362953269378,24.06666666666667,23.371126154227284,24.762207179106056,5.055555555555555,4.3079355953229035,5.803175515788207,0.9539616402116403,0.9345350363170403,0.9733882441062404,0.0033307633129879832,-0.005102291566363267,0.011763818192339234
gppo_event_single_head,37.0,5,0.7486935680435254,0.7017873880857284,0.7955997480013224,0.01111111111111111,-0.019733333333333325,0.041955555555555545,21.930050992241082,21.17290195475732,22.687200029724842,0.9794990503323838,0.9152769885585637,1.043721112106204,23.355555555555554,21.885501437798048,24.82560967331306,5.033333333333333,4.064552591152857,6.002114075513809,0.939650638032991,0.8748833596231018,1.0044179164428801,0.0015942415833706037,-0.01000003209920531,0.013188515265946516
gppo_event_single_head,38.0,5,0.7433444916887619,0.6747511327044161,0.8119378506731078,0.02222222222222222,-0.015554352922033901,0.05999879736647834,22.201572643473007,21.38848476513643,23.014660521809585,0.9812440645773979,0.8883524208409945,1.0741357083138012,23.711111111111112,21.760702963385093,25.66151925883713,5.133333333333334,3.861958408107173,6.404708258559495,0.9187735242838553,0.8458250386455374,0.9917220099221732,-0.005025610374286771,-0.014998013191771287,0.004946792443197745
gppo_event_single_head,39.0,5,0.7282883584556645,0.7090208916273079,0.7475558252840212,0.02222222222222222,-0.015554352922033901,0.05999879736647834,21.979167581880123,20.60268837561452,23.355646788145727,0.9484389838556506,0.9269516781217002,0.969926289589601,23.422222222222224,21.963537603198024,24.880906841246425,5.511111111111111,5.141620929146961,5.880601293075261,0.9251849499132107,0.8945817256244487,0.9557881742019726,0.0012598982313647867,-0.0005061641150982238,0.003025960577827797
gppo_event_single_head,40.0,5,0.7426957939521879,0.6647771576017516,0.8206144303026242,0.01111111111111111,-0.019733333333333325,0.041955555555555545,22.146341764286742,19.6617915523799,24.630891976193585,0.975130579297246,0.8780344127358445,1.0722267458586474,23.711111111111112,21.792051178696926,25.630171043525298,5.122222222222223,3.7278963903478726,6.516548054096573,0.9249517770957401,0.8475678127401233,1.002335741451357,-0.0007919364958070219,-0.010247074548404629,0.008663201556790585
gppo_event_single_head,41.0,5,0.7355947541164259,0.6928845584003548,0.7783049498324971,0.02222222222222222,-0.015554352922033901,0.05999879736647834,23.009039178928113,21.76164422126159,24.256434136594635,0.9580246913580247,0.9029594984948188,1.0130898842212306,23.96666666666667,22.8765871688295,25.05674616450384,5.322222222222223,4.555131368878272,6.0893130755661735,0.95382812721048,0.9049012609443925,1.0027549934765676,-0.000168747385032475,-0.018136308766255542,0.017798813996190592
gppo_event_single_head,42.0,5,0.7433002968424963,0.7078602652929175,0.7787403283920752,0.02222222222222222,-0.015554352922033901,0.05999879736647834,23.23432943430898,21.4896943064952,24.97896456212276,0.9692663817663817,0.9173400637900349,1.0211926997427285,24.988888888888887,23.290762853635634,26.68701492414214,5.122222222222223,4.522141197240421,5.7223032472040245,0.9573451156923024,0.9306633506221875,0.9840268807624173,-0.001986694647348486,-0.005146151484738475,0.0011727621900415029
gppo_event_single_head,43.0,5,0.7894181759953286,0.7653242611043899,0.8135120908862673,0.03333333333333333,-0.004443241810922788,0.07110990847758945,21.999458545959875,20.974530804169618,23.024386287750133,1.0267509496676164,0.9896402162954627,1.06386168303977,24.98888888888889,24.143616036747108,25.834161741030673,4.144444444444445,3.5978794963649543,4.691009392523935,0.9702623456790123,0.950756534824815,0.9897681565332095,-0.000982774735894054,-0.009397286286749159,0.00743173681496105
gppo_event_single_head,44.0,5,0.7425424135398561,0.6702468306834397,0.8148379963962724,0.02222222222222222,-0.03946666666666665,0.08391111111111109,22.78120145274517,21.4590932644503,24.10330964104004,0.9722400284900286,0.8828930663329111,1.061586990647146,23.988888888888887,23.006940122530334,24.97083765524744,5.188888888888889,3.6734250246048816,6.704352753172897,0.932605218855219,0.8798846258390046,0.9853258118714333,0.00723779520849348,-0.009198472751902255,0.023674063168889217
gppo_event_single_head,45.0,5,0.734212086459529,0.6687131271309148,0.7997110457881431,0.0,0.0,0.0,22.631232234560805,21.16311635027992,24.09934811884169,0.9618827160493826,0.8730259054408472,1.0507395266579178,24.177777777777777,22.39692842791306,25.958627127642494,5.266666666666667,3.9558684998713076,6.577464833462026,0.9341966230936819,0.8599629446809182,1.0084303015064457,0.0017896131030283868,-0.0030114282393176343,0.006590654445374408
gppo_event_single_head,46.0,5,0.739339980099784,0.6793889124210513,0.7992910477785167,0.03333333333333333,-0.004443241810922788,0.07110990847758945,23.222770825594164,21.576892784360094,24.868648866828234,0.9717830009496676,0.9043845650277078,1.0391814368716275,24.566666666666666,23.44137272668564,25.691960606647694,5.144444444444444,3.9642665093352853,6.3246223795536025,0.9355158473871177,0.8695247757446936,1.0015069190295418,-0.001667106282820896,-0.010102237594333999,0.006768025028692206
gppo_event_single_head,47.0,5,0.7697195814352678,0.7303214621967172,0.8091177006738183,0.01111111111111111,-0.019733333333333325,0.041955555555555545,22.57328753152084,21.258462454157186,23.888112608884494,1.0149216524216524,0.9644844143163087,1.0653588905269962,24.733333333333334,23.953938714192503,25.512727952474165,4.655555555555556,3.7894360861354057,5.521675024975706,0.9591702741702741,0.9142119608490076,1.0041285874915407,-0.00010101275984197855,-0.004630056330501074,0.004428030810817117
gppo_event_single_head,48.0,5,0.7889268753175402,0.7512747901679939,0.8265789604670866,0.02222222222222222,-0.015554352922033901,0.05999879736647834,21.947852204180247,20.73976914331739,23.155935265043105,1.0423017568850903,0.9887922715982969,1.0958112421718837,24.46666666666667,23.40757425856958,25.52575907476376,4.222222222222222,3.443438174752969,5.001006269691476,0.9634224127361382,0.9278122052339841,0.9990326202382922,0.0016448856011265888,-0.006978083402340101,0.010267854604593278
gppo_event_single_head,49.0,5,0.754929870283103,0.7117477385047237,0.7981120020614823,0.03333333333333333,-0.004443241810922788,0.07110990847758945,22.013728563431904,20.962587619765376,23.064869507098432,0.9814696106362775,0.9190633960251344,1.0438758252474205,23.877777777777776,21.757348407794797,25.998207147760755,4.944444444444445,4.045182085550525,5.843706803338364,0.9431875769631523,0.889641799398047,0.9967333545282575,0.003335428086575121,-0.003202606456831794,0.009873462629982035
gppo_event_single_head,50.0,5,0.774066411076215,0.7398633376779303,0.8082694844744996,0.01111111111111111,-0.019733333333333325,0.041955555555555545,21.37042855161068,20.030430650683975,22.710426452537384,1.0094610636277301,0.9674288043477758,1.0514933229076846,23.355555555555558,22.85677122798291,23.854339883128205,4.522222222222222,3.7832418582939207,5.261202586150524,0.944143418310085,0.9345524042926924,0.9537344323274776,0.002781361501547508,-0.010436816872238158,0.015999539875333174
gppo_event_single_head,51.0,5,0.7544794399973427,0.6811786463093779,0.8277802336853075,0.03333333333333333,-0.02835555555555555,0.09502222222222222,22.563353077476798,20.579419305266363,24.547286849687232,0.9856244064577397,0.894072840977133,1.0771759719383465,24.1,23.018903322238636,25.181096677761367,4.933333333333333,3.4805305310844448,6.386136135582221,0.9432206165294401,0.9015102913942084,0.9849309416646719,0.0016825434402562677,-0.009561496088682758,0.012926582969195292
gppo_event_single_head,52.0,5,0.753688307997771,0.7338157982731468,0.7735608177223952,0.0,0.0,0.0,22.716396236793308,21.99680194385641,23.435990529730205,0.9849893162393162,0.951068874568058,1.0189097579105744,24.411111111111108,23.029465905362578,25.792756316859638,4.855555555555556,4.463576180940696,5.247534930170416,0.9645662507427213,0.9319050579181378,0.9972274435673047,-0.0014326913849799893,-0.008128743645587532,0.005263360875627554
gppo_event_single_head,53.0,5,0.7248684322213734,0.6682144120553922,0.7815224523873546,0.02222222222222222,-0.015554352922033901,0.05999879736647834,22.58980927836144,21.40231345841306,23.777305098309817,0.9496379392212726,0.8738110358683244,1.0254648425742208,23.633333333333333,22.057849351884308,25.208817314782358,5.5,4.2856530078746236,6.7143469921253764,0.9119561326946238,0.8548086043323827,0.969103661056865,0.008057058590929955,-0.007615360165306078,0.02372947734716599
gppo_event_single_head,54.0,5,0.7815620608512766,0.7278299337640307,0.8352941879385224,0.01111111111111111,-0.019733333333333325,0.041955555555555545,21.260296895936353,20.29101617185253,22.229577620020176,1.0217058404558403,0.9473628752892141,1.0960488056224664,24.266666666666666,22.187581793904577,26.345751539428754,4.433333333333333,3.1189111669024188,5.747755499764247,0.9585316752963813,0.8952343705501126,1.0218289800426499,0.00891384162241593,-0.019251115703890407,0.037078798948722264
gppo_event_single_head,55.0,5,0.7593200327268954,0.735468799254233,0.7831712661995578,0.02222222222222222,-0.03946666666666665,0.08391111111111109,22.371880865181616,21.815504074056282,22.92825765630695,0.9897435897435898,0.9661211657287896,1.01336601375839,24.344444444444445,23.594600838034363,25.094288050854527,4.866666666666667,4.397364618046052,5.335968715287282,0.937756141442932,0.8989092546813185,0.9766030282045454,-0.00026361573836766186,-0.012365253419842267,0.011838021943106942
gppo_event_single_head,56.0,5,0.777433736340386,0.7495552543069088,0.8053122183738632,0.0,0.0,0.0,22.636350840323686,22.24046726584156,23.032234414805814,1.0198302469135805,0.9791008223867587,1.0605596714404022,24.944444444444443,23.97027746506991,25.918611423818977,4.433333333333333,3.876422389369962,4.9902442772967035,0.9768761284340993,0.9386554618040306,1.015096795064168,-0.002695884252898395,-0.006789471513106462,0.001397703007309672
gppo_event_single_head,57.0,5,0.7621874737305256,0.7341607077679226,0.7902142396931287,0.03333333333333333,-0.02835555555555555,0.09502222222222222,21.69214348571016,20.725145305144938,22.659141666275385,0.9999169040835707,0.9588082440645397,1.0410255641026018,23.47777777777778,22.7181648367039,24.237390718851664,4.777777777777778,4.186480847919978,5.369074707635577,0.9361755981854021,0.916961830109311,0.9553893662614932,0.0006711914895277005,-0.011901481071162855,0.013243864050218258
gppo_event_single_head,58.0,5,0.7721165762840282,0.7252092959157639,0.8190238566522925,0.01111111111111111,-0.019733333333333325,0.041955555555555545,21.56476789841243,20.855908918405422,22.27362687841944,1.0195156695156695,0.9560947480962139,1.0829365909351252,24.022222222222226,22.085765846057214,25.958678598387237,4.6,3.728405637443939,5.47159436255606,0.957487974987975,0.8866832704624221,1.0282926795135279,-0.012188183184480294,-0.038306820334861366,0.013930453965900775
gppo_event_single_head,59.0,5,0.7827659413933923,0.7266624998022585,0.8388693829845261,0.03333333333333333,-0.059199999999999996,0.12586666666666665,21.39516802682257,20.26424832443278,22.52608772921236,1.0189399335232667,0.9496823058048892,1.0881975612416444,23.43333333333333,22.280889783605776,24.585776883060884,4.355555555555556,3.2481583812190875,5.462952729892025,0.9598883442265796,0.9145465223048723,1.005230166148287,-0.005024801823310554,-0.02426966117757967,0.014220057530958563
gppo_event_single_head,60.0,5,0.7683524206051913,0.7391063422058833,0.7975984990044992,0.04444444444444444,-0.013260227253802562,0.10214911614269144,22.17642941742521,20.994643521019427,23.358215313830996,1.0019468186134852,0.9601527754573131,1.0437408617696573,24.233333333333334,23.403680845023906,25.062985821642762,4.633333333333333,3.9907613040327217,5.275905362633944,0.9532154733238325,0.9136684586331695,0.9927624880144955,0.006535808986518532,0.00048045611650256517,0.0125911618565345
gppo_event_single_head,61.0,5,0.7476089430101298,0.67422156520103,0.8209963208192296,0.02222222222222222,-0.015554352922033901,0.05999879736647834,21.46646253411604,20.55119170983696,22.38173335839512,0.9752492877492877,0.8854219035671823,1.065076671931393,23.17777777777778,21.043373423477895,25.312182132077666,5.088888888888889,3.5369810807577897,6.640796697019987,0.9250724637681159,0.8375134557093827,1.012631471826849,0.003744339353579562,-0.011005650646996816,0.01849432935415594
gppo_event_single_head,62.0,5,0.7450053390362763,0.6831649827505005,0.8068456953220521,0.03333333333333333,-0.02835555555555555,0.09502222222222222,22.377443770597193,20.10401800439347,24.650869536800915,0.9820156695156695,0.8988902568719626,1.0651410821593765,24.46666666666667,22.992573265267225,25.940760068066112,5.133333333333334,3.984817757620788,6.28184890904588,0.9369822404379544,0.8839505392383851,0.9900139416375238,-0.0020431280438060638,-0.008094667001987245,0.004008410914375118
gppo_event_single_head,63.0,5,0.7727476383614491,0.729250777529251,0.8162444991936472,0.02222222222222222,-0.03946666666666665,0.08391111111111109,22.3940243356949,21.07987419422532,23.708174477164484,1.0036265432098765,0.9411237418398773,1.0661293445798758,25.244444444444447,23.940742051684165,26.54814683720473,4.544444444444444,3.652618523325167,5.436270365563721,0.9770960421205519,0.9630478400631142,0.9911442441779896,-0.002576793161279056,-0.008753655460800008,0.0036000691382418954
gppo_event_single_head,64.0,5,0.7486895330522783,0.7046581684423776,0.7927208976621789,0.02222222222222222,-0.015554352922033901,0.05999879736647834,22.484637254412053,20.957239795474038,24.01203471335007,0.9833452041785374,0.9311705977560705,1.0355198106010044,24.18888888888889,23.440315128616795,24.937462649160985,5.011111111111111,4.047499862208139,5.974722360014083,0.9485880513821691,0.9165573455762134,0.9806187571881247,0.0018023809330770745,-0.0035772680576779217,0.007182029923832071
gppo_event_single_head,65.0,5,0.7653259085803843,0.7110706668153641,0.8195811503454045,0.04444444444444444,-0.013260227253802562,0.10214911614269144,20.82254578108816,19.836355973909818,21.8087355882665,0.9967295821462487,0.9211560392193279,1.0723031250731696,22.677777777777777,20.366295851970584,24.98925970358497,4.688888888888889,3.500676974464427,5.877100803313351,0.9143246187363836,0.8561619967126789,0.9724872407600883,0.0008052799055197589,-0.02095479512599924,0.02256535493703876
gppo_event_single_head,66.0,5,0.7784802506861331,0.7257079646019489,0.8312525367703174,0.02222222222222222,-0.015554352922033901,0.05999879736647834,21.976271599578453,20.838622157080895,23.11392104207601,1.0152006172839507,0.9417920769831076,1.0886091575847938,24.06666666666667,21.99503106498069,26.13830226835265,4.388888888888888,3.2514019816246638,5.526375796153113,0.9598657089098264,0.8830008890972028,1.03673052872245,0.00967451836913824,-0.0185878962280863,0.03793693296636278
gppo_event_single_head,67.0,5,0.7487304813827002,0.6972588622804452,0.8002021004849551,0.03333333333333333,-0.02835555555555555,0.09502222222222222,22.749823294305695,20.666607582223946,24.833039006387445,0.9770417853751185,0.9153976020831194,1.0386859686671177,24.444444444444446,23.61393236085526,25.274956528033634,5.1,4.02110559928173,6.178894400718269,0.9498232323232323,0.9194367166045667,0.9802097480418979,0.004356929885125283,-0.0022506454437586755,0.01096450521400924
gppo_event_single_head,68.0,5,0.7696515488789573,0.7103781630532641,0.8289249347046505,0.03333333333333333,-0.004443241810922788,0.07110990847758945,22.698307916722197,20.95868264636827,24.437933187076123,1.0093482905982907,0.934747199662721,1.0839493815338603,24.355555555555558,23.001733892883184,25.70937721822793,4.5888888888888895,3.476135210556629,5.70164256722115,0.9581008031231816,0.9129644335486995,1.0032371726976637,0.0013539807463530452,-0.00840979715280526,0.01111775864551135
gppo_event_single_head,69.0,5,0.7525531317011777,0.7084031517869024,0.7967031116154529,0.01111111111111111,-0.019733333333333325,0.041955555555555545,22.351957124055833,21.41431636678034,23.289597881331325,0.9842770655270655,0.9271254057029166,1.0414287253512144,24.255555555555556,22.949119457984366,25.561991653126746,4.933333333333334,3.9513845669747796,5.915282099691888,0.9431001497517851,0.8974419841691487,0.9887583153344216,-0.0017390713568602224,-0.01482156003409478,0.011343417320374336
gppo_event_single_head,70.0,5,0.768932427018531,0.7322819122351321,0.80558294180193,0.02222222222222222,-0.015554352922033901,0.05999879736647834,21.919283570517507,20.915089649296114,22.9234774917389,0.9978276353276353,0.9488194116034026,1.046835859051868,24.26666666666667,23.515238770287525,25.018094563045814,4.555555555555555,3.881549745418309,5.229561365692802,0.9631769374416432,0.933165650823352,0.9931882240599345,0.0027215748676098885,-0.004371592974961842,0.00981474271018162
gppo_event_single_head,71.0,5,0.7409093825643273,0.7111093730093824,0.7707093921192721,0.0,0.0,0.0,22.874914187391123,21.746464661328467,24.00336371345378,0.9688983855650521,0.9350957239992246,1.0027010471308797,24.46666666666667,23.569257640086448,25.36407569324689,5.133333333333333,4.606714687608847,5.659951979057818,0.942427798157764,0.9116684617557246,0.9731871345598034,-0.002997103747475194,-0.008132185236013117,0.0021379777410627295
gppo_event_single_head,72.0,5,0.7319808111087781,0.6735073999047965,0.7904542223127597,0.03333333333333333,-0.02835555555555555,0.09502222222222222,21.828379012080585,21.001973221036472,22.6547848031247,0.9677706552706553,0.8873939784948589,1.0481473320464518,22.711111111111112,20.710140923710963,24.71208129851126,5.288888888888889,4.0751296262448005,6.502648151532977,0.9051757457368913,0.8426909808946853,0.9676605105790973,-2.892630194158835e-06,-0.023647378548655673,0.023641593288267357
gppo_event_single_head,73.0,5,0.7748829093927133,0.7406730680055376,0.8090927507798891,0.04444444444444444,0.013600000000000004,0.07528888888888888,21.2715642439398,18.777411635491212,23.765716852388387,1.0193198005698005,0.9794177162328522,1.0592218849067487,23.744444444444447,21.802468816061186,25.68642007282771,4.455555555555556,3.7808443492962764,5.130266761814835,0.9408354082373691,0.8963635742054649,0.9853072422692734,0.0014758054390161608,-0.012299119512013025,0.015250730390045346
gppo_event_single_head,74.0,5,0.7653891859774212,0.7250741186441443,0.8057042533106982,0.01111111111111111,-0.019733333333333325,0.041955555555555545,22.430008070489002,21.220126833657716,23.63988930732029,1.0112594966761634,0.9621660575985664,1.0603529357537604,24.72222222222222,23.72037111576669,25.724073328677754,4.71111111111111,3.9581022580160714,5.46411996420615,0.9597412854030501,0.9319379917211038,0.9875445790849965,-0.0026407700963318346,-0.0068411542838036745,0.0015596140911400052
gppo_event_single_head,75.0,5,0.7496087509077706,0.6931876416645075,0.8060298601510336,0.04444444444444444,0.013600000000000004,0.07528888888888888,22.83170952694808,21.303678755856954,24.35974029803921,0.976181149097816,0.9043135440519395,1.0480487541436925,23.988888888888887,22.43943517647487,25.538342601302904,5.1,4.022208425288767,6.177791574711232,0.9317030175490826,0.8859732209843542,0.977432814113811,0.006029489706270397,-0.0012054220715610152,0.01326440148410181
gppo_event_single_head,76.0,5,0.7571322422249532,0.7249200471622417,0.7893444372876648,0.01111111111111111,-0.019733333333333325,0.041955555555555545,21.81452207530363,20.16025665238564,23.468787498221616,0.9933879392212726,0.9482802648489109,1.0384956135936343,24.155555555555555,22.282914167068014,26.028196944043096,4.9,4.167809798710611,5.63219020128939,0.9488159853313306,0.8912960703481512,1.00633590031451,-0.0058839660157294325,-0.01547055656840899,0.003702624536950125
gppo_event_single_head,77.0,5,0.7592685987014519,0.6574939680569917,0.8610432293459122,0.03333333333333333,-0.004443241810922788,0.07110990847758945,22.195526046975647,20.088543655797057,24.302508438154238,0.9864197530864198,0.8464373017241253,1.1264022044487143,23.98888888888889,22.308361948599913,25.66941582917787,4.844444444444445,2.6431146707972344,7.045774218091656,0.9394377897357774,0.8450644073838435,1.0338111720877114,-0.002516417473816546,-0.006922618948791315,0.001889784001158223
gppo_event_single_head,78.0,5,0.7724035830845294,0.683637483776959,0.8611696823920998,0.02222222222222222,-0.015554352922033901,0.05999879736647834,21.89184092642615,19.780773893737845,24.002907959114452,1.0115918803418804,0.8982942653098203,1.1248894953739406,24.37777777777778,23.665344554049685,25.090211001505875,4.5888888888888895,2.7695895289737456,6.408188248804033,0.9552285341746126,0.9041464809412327,1.0063105874079925,0.0076891365712072005,0.001763948378161918,0.013614324764252483
gppo_event_single_head,79.0,5,0.752044476039574,0.7086331329542159,0.7954558191249321,0.01111111111111111,-0.019733333333333325,0.041955555555555545,21.332271915769873,19.08383168143769,23.580712150102055,0.9775522317188985,0.9320969099643286,1.0230075534734684,23.166666666666664,21.5381793127924,24.795154020540927,5.0,4.173794836109392,5.826205163890608,0.929060186876683,0.8845130716475895,0.9736073021057765,0.005352964368648827,-0.03918120273729249,0.049887131474590146
gppo_event_single_head,80.0,5,0.7747697404975751,0.7114773078873857,0.8380621731077644,0.01111111111111111,-0.019733333333333325,0.041955555555555545,21.244789733499168,20.78935000324582,21.700229463752517,1.014969135802469,0.9333201622433023,1.0966181093616358,24.066666666666666,22.96811069777381,25.165222635559523,4.522222222222223,3.178982965154297,5.865461479290149,0.9394689711633445,0.8861380085609286,0.9927999337657604,-0.0018145500813261605,-0.013502832763045727,0.009873732600393405
gppo_event_single_head,81.0,5,0.7506133772650128,0.7097041247596186,0.7915226297704069,0.02222222222222222,-0.015554352922033901,0.05999879736647834,22.096007784279813,20.342598794289856,23.84941677426977,0.9837488129154796,0.9301196117515954,1.0373780140793638,24.577777777777776,22.527956156390644,26.627599399164907,5.066666666666666,4.1991752346102125,5.93415809872312,0.9533466741256597,0.9080349464195379,0.9986584018317815,0.005792594150989316,-0.012353700150094772,0.023938888452073405
gppo_event_single_head,82.0,5,0.7470987028979356,0.713543695273171,0.7806537105227002,0.01111111111111111,-0.019733333333333325,0.041955555555555545,22.103579102985364,20.331189805229158,23.87596840074157,0.9854760208926876,0.9377456479520936,1.0332063938332816,24.18888888888889,22.436853851187493,25.940923926590287,5.022222222222222,4.363204121344901,5.681240323099543,0.9460135670429788,0.8867129777067129,1.0053141563792447,0.007386261674037086,-0.0038472555691045976,0.01861977891717877
gppo_event_single_head,83.0,5,0.7790559218201454,0.7453411547813823,0.8127706888589085,0.01111111111111111,-0.019733333333333325,0.041955555555555545,22.157215904852873,20.627652341566446,23.6867794681393,1.0194385090218425,0.968734384489796,1.070142633553889,24.844444444444445,23.535462039937553,26.153426848951337,4.444444444444445,3.6342271713444263,5.2546617175444625,0.9743506847183319,0.9378962714065975,1.0108050980300662,0.0011060673743486405,-0.004767904546947092,0.006980039295644372
gppo_event_single_head,84.0,5,0.8020130738809789,0.7729188462637289,0.8311073014982289,0.02222222222222222,-0.015554352922033901,0.05999879736647834,21.919648983845548,20.057297920629377,23.782000047061718,1.0471569325735992,1.012744860233462,1.0815690049137363,24.633333333333333,23.240543572980677,26.02612309368599,3.977777777777778,3.4225777777777777,4.532977777777778,0.9782864357864358,0.9561343875662959,1.0004384840065756,0.0031877431785687802,-0.011746093626337082,0.018121579983474644
gppo_event_single_head,85.0,5,0.7647950868240724,0.7204941393589667,0.8090960342891781,0.0,0.0,0.0,21.951792771942316,20.27979964382908,23.62378590005555,1.0044575023741689,0.9439453377016862,1.0649696670466515,24.166666666666664,22.610626348549893,25.722706984783436,4.5777777777777775,3.775525695846566,5.380029859708989,0.9528583453583455,0.9216992318987803,0.9840174588179106,-0.005362866079667583,-0.016000400967790616,0.005274668808455449
gppo_event_single_head,86.0,5,0.7826267050325357,0.7471936863852914,0.8180597236797801,0.03333333333333333,-0.02835555555555555,0.09502222222222222,21.209619974933297,19.86068165339369,22.558558296472903,1.0293031813865148,0.9831630063187321,1.0754433564542973,24.066666666666666,22.987772265948397,25.145561067384936,4.322222222222222,3.5428276030813923,5.101616841363051,0.9545951343500363,0.9081184197157153,1.0010718489843573,-0.00653708279132843,-0.02545155346184086,0.012377387879184
gppo_event_single_head,87.0,5,0.7657985029914853,0.738026422178974,0.7935705838039967,0.01111111111111111,-0.019733333333333325,0.041955555555555545,22.23576623321231,21.43293670473829,23.03859576168633,1.0078228869895538,0.9682333000671004,1.0474124739120072,24.466666666666665,23.472441559632657,25.460891773700673,4.688888888888889,4.078589639886129,5.299188137891649,0.942187656207264,0.9301882624128031,0.9541870500017249,-0.00033300345530733465,-0.006790642085955783,0.006124635175341114
gppo_event_single_head,88.0,5,0.7662500825245923,0.7097019801376974,0.8227981849114872,0.03333333333333333,-0.02835555555555555,0.09502222222222222,21.605302611447033,21.049744119047368,22.1608611038467,0.9999821937321938,0.9273838180876922,1.0725805693766954,23.766666666666666,22.687772265948396,24.845561067384935,4.733333333333334,3.557395209488754,5.909271457177915,0.9486469032057269,0.8945813278252751,1.0027124785861785,-0.0065001413342542945,-0.028384381530827712,0.015384098862319121
gppo_event_single_head,89.0,5,0.7608809469206786,0.6892727516143643,0.832489142226993,0.04444444444444444,-0.013260227253802562,0.10214911614269144,21.897650705030813,20.480552292820846,23.31474911724078,0.9911087369420702,0.8971060588455366,1.0851114150386039,23.26666666666667,21.271052564085775,25.262280769247564,4.777777777777777,3.347579725361329,6.207975830194225,0.9238768638768639,0.8655054313887062,0.9822482963650215,0.007021561753936112,-0.0023802794630116975,0.016423402970883922
gppo_event_single_head,90.0,5,0.750329520157615,0.7163146367604571,0.7843444035547729,0.0,0.0,0.0,21.951350733637813,20.097396530052574,23.805304937223053,0.990811965811966,0.9455052817576393,1.0361186498662927,24.166666666666664,21.98127737400189,26.352055959331437,4.988888888888889,4.371229370231843,5.606548407545935,0.9389726767900143,0.8788373171653239,0.9991080364147047,-0.006561508594313636,-0.017072652995777624,0.003949635807150353
gppo_event_single_head,91.0,5,0.7538426192464982,0.6911413643309221,0.8165438741620743,0.02222222222222222,-0.03946666666666665,0.08391111111111109,22.54724472809148,20.48900197916678,24.605487477016183,0.9832502374169041,0.9047973465861201,1.061703128247688,23.71111111111111,22.141828953287284,25.280393268934933,4.888888888888889,3.7693162808409086,6.00846149693687,0.9385039091837337,0.874893702963546,1.0021141154039215,-0.0015187997545581312,-0.016767941591072928,0.013730342081956667
gppo_event_single_head,92.0,5,0.7673257316394572,0.7439157629009084,0.7907357003780059,0.01111111111111111,-0.019733333333333325,0.041955555555555545,21.905867518842108,20.213404127914757,23.59833090976946,1.0059116809116808,0.9769453520788534,1.0348780097445083,24.666666666666668,22.453698687003985,26.87963464632935,4.611111111111111,4.097294138365482,5.124928083856739,0.9464231248054776,0.8923782391857189,1.0004680104252364,0.01669766573177185,-0.011612152913029163,0.04500748437657286
gppo_event_single_head,93.0,5,0.7486708404632532,0.7007314365840357,0.7966102443424706,0.01111111111111111,-0.019733333333333325,0.041955555555555545,21.174159154880005,19.94490290578734,22.40341540397267,0.9733084045584045,0.8968947784822245,1.0497220306345845,23.044444444444444,21.39679092339334,24.69209796549555,5.066666666666666,3.922508224733508,6.210825108599825,0.9192121848739495,0.8629097998462237,0.9755145699016753,-0.004130550703363648,-0.020578034672341202,0.012316933265613905
gppo_event_single_head,94.0,5,0.7687706429373096,0.7150590854807215,0.8224822003938976,0.0,0.0,0.0,21.4320703002136,20.540546779683986,22.323593820743213,1.002991452991453,0.9401424376418039,1.065840468341102,23.5,22.04670613713129,24.95329386286871,4.644444444444445,3.6092008538572578,5.679688035031631,0.9445568783068783,0.8933714914172688,0.9957422651964878,-0.013096467376453803,-0.03215391851641486,0.005960983763507257
gppo_event_single_head,95.0,5,0.7776733708415294,0.7134964949202587,0.8418502467628002,0.02222222222222222,-0.015554352922033901,0.05999879736647834,21.487947943259304,20.42228739778218,22.553608488736426,1.0162571225071226,0.9262814732032506,1.1062327718109946,23.866666666666667,22.269442572213656,25.46389076111968,4.4222222222222225,3.073681381897136,5.770763062547309,0.948324845089551,0.901817441720406,0.9948322484586959,-0.001379322275170125,-0.01902865849355754,0.01627001394321729
gppo_event_single_head,96.0,5,0.7970528894473907,0.7399296746807976,0.8541761042139838,0.04444444444444444,-0.013260227253802562,0.10214911614269144,21.13037811324695,20.085061099354235,22.17569512713967,1.037381291547958,0.962243871833953,1.1125187112619632,23.988888888888887,22.827195220251113,25.15058255752666,4.044444444444445,2.9437255359325785,5.145163352956311,0.9467016524806381,0.9155400234933758,0.9778632814679004,-0.010106866538990289,-0.017856945109894953,-0.002356787968085623
gppo_event_single_head,97.0,5,0.7889058294961961,0.7570765596421902,0.8207350993502021,0.0,0.0,0.0,21.779417561619987,20.693490069465106,22.865345053774867,1.0363307217473885,0.992867529445328,1.079793914049449,24.18888888888889,22.326946940210867,26.050830837566913,4.288888888888889,3.7515400682316473,4.82623770954613,0.9624109088079675,0.9091209740791237,1.0157008435368113,0.0009595447161700576,-0.007857586148954081,0.009776675581294195
gppo_event_single_head,98.0,5,0.7536254545003479,0.7124235062057469,0.7948274027949489,0.05555555555555556,-0.01341471895043795,0.12452583006154908,22.57605105777862,19.672924292480218,25.479177823077023,0.9839981006647672,0.9274621433485939,1.0405340579809406,24.311111111111114,22.53950116379424,26.082721058427985,4.977777777777778,4.132223590014247,5.823331965541309,0.9525160097709117,0.9086890849805456,0.9963429345612778,0.0021867333649424835,-0.009716936584177988,0.014090403314062956
gppo_event_single_head,99.0,5,0.7617430019145706,0.7157090992559996,0.8077769045731416,0.03333333333333333,-0.004443241810922788,0.07110990847758945,21.150704621772864,19.72335385548682,22.578055388058907,0.9992462013295347,0.9481607777500136,1.0503316249090557,23.43333333333333,22.100046766746097,24.766619899920563,4.677777777777778,3.795335525898804,5.560220029656752,0.9337492926463515,0.880335098780188,0.9871634865125151,-0.00013290404458530248,-0.008538189304785634,0.00827238121561503
gppo_event_single_head,100.0,5,0.7388895962425372,0.6980490634028772,0.7797301290821973,0.03333333333333333,-0.02835555555555555,0.09502222222222222,21.764770386322375,19.469224883516873,24.060315889127878,0.9634318613485281,0.9174872849821554,1.0093764377149008,23.06666666666667,21.022189485286262,25.111143848047078,5.066666666666666,4.406206511327888,5.727126822005445,0.9091643323996266,0.8150067365010204,1.0033219282982326,-0.000583293851620207,-0.010589625381370779,0.009423037678130365
gppo_none,1.0,5,0.6809775863207236,0.6276301141253494,0.7343250585160978,0.0,0.0,0.0,86.00120865052874,73.81058823781756,98.19182906323992,0.885173314339981,0.8198856527795428,0.9504609759004192,0.0,0.0,0.0,6.522222222222221,5.460886447052873,7.583557997391569,0.830273725871552,0.7656068600371981,0.8949405917059059,-7.866434720603561e-05,-0.005801407417495121,0.0056440787230830495
gppo_none,2.0,5,0.6317224017368159,0.5884177595458367,0.6750270439277951,0.01111111111111111,-0.019733333333333325,0.041955555555555545,89.83191588162363,85.0350357901699,94.62879597307736,0.8212725546058879,0.7661307134109836,0.8764143958007922,0.0,0.0,0.0,7.5,6.49577764500505,8.504222354994951,0.7987707034751276,0.7556734620495636,0.8418679449006915,-0.0009368954355724983,-0.003331896461935354,0.0014581055907903575
gppo_none,3.0,5,0.6564386215426621,0.6001414760530862,0.712735767032238,0.02222222222222222,-0.03946666666666665,0.08391111111111109,84.91080815853628,69.36710889033687,100.4545074267357,0.8543981481481481,0.7922452309173899,0.9165510653789063,0.0,0.0,0.0,7.0666666666666655,5.936101012548514,8.197232320784817,0.7971508210223044,0.7234279183147536,0.8708737237298552,-0.005075039982403969,-0.011371997663752884,0.0012219176989449465
gppo_none,4.0,5,0.6764453034178098,0.6309254542365613,0.7219651525990584,0.01111111111111111,-0.019733333333333325,0.041955555555555545,80.32809159951996,58.74004891573419,101.91613428330574,0.8837962962962964,0.8310660545775654,0.9365265380150274,0.0,0.0,0.0,6.533333333333333,5.449819320821893,7.616847345844773,0.8117778998084221,0.7416053586988367,0.8819504409180075,0.0013555949607527713,-0.0019509790496320728,0.004662168971137615
gppo_none,5.0,5,0.6811607022401993,0.6468215828166121,0.7154998216637866,0.01111111111111111,-0.019733333333333325,0.041955555555555545,95.3720426301022,71.19605002261767,119.54803523758673,0.8874228395061727,0.8487985987780492,0.9260470802342963,0.0,0.0,0.0,6.555555555555555,5.761648075795002,7.349463035316108,0.8069762878222967,0.7387494861944826,0.8752030894501108,0.0013866359666119224,-0.00461826332568943,0.007391535258913275
gppo_none,6.0,5,0.6852758592361274,0.6264958017175641,0.7440559167546907,0.02222222222222222,-0.015554352922033901,0.05999879736647834,87.83196304048823,57.67830051915193,117.98562556182453,0.8939102564102563,0.8313469138478667,0.9564735989726459,0.0,0.0,0.0,6.422222222222222,5.209247041870972,7.635197402573471,0.8152201530590277,0.7029739543743231,0.9274663517437324,0.0017187446630966391,-0.0014893104122207165,0.004926799738413995
gppo_none,7.0,5,0.7132032336237701,0.6464195493998728,0.7799869178476675,0.02222222222222222,-0.015554352922033901,0.05999879736647834,73.15119036525009,50.475148825831354,95.82723190466882,0.9349477682811017,0.8372308496444265,1.032664686917777,0.0,0.0,0.0,5.799999999999999,4.431326651889808,7.16867334811019,0.8353729971289535,0.7774166543774693,0.8933293398804377,0.0016550069530785552,-0.001907895385692556,0.005217909291849667
gppo_none,8.0,5,0.6765889756576031,0.6527134543216266,0.7004644969935796,0.01111111111111111,-0.019733333333333325,0.041955555555555545,73.40144977537098,61.138911091337995,85.66398845940395,0.8813330959164294,0.845041182647769,0.9176250091850898,0.0,0.0,0.0,6.477777777777777,6.0738450758900475,6.881710479665506,0.8042744319950202,0.7719852157264031,0.8365636482636374,0.002148309114313128,-0.003499934174694508,0.007796552403320764
gppo_none,9.0,5,0.699686412700053,0.6664422819679785,0.7329305434321276,0.0,0.0,0.0,76.24687976667614,56.895349948991225,95.59840958436106,0.912962962962963,0.8682672207597694,0.9576587051661566,0.0,0.0,0.0,6.122222222222222,5.3012151850649705,6.943229259379473,0.8821344249046497,0.859074687975453,0.9051941618338463,-0.0013193717065344876,-0.006393080290587359,0.003754336877518383
gppo_none,10.0,5,0.7012996208584444,0.6482970000180455,0.7543022416988434,0.03333333333333333,-0.004443241810922788,0.07110990847758945,64.30175546835139,50.76282993588924,77.84068100081353,0.9114850427350427,0.8472345209631815,0.9757355645069039,0.0,0.0,0.0,6.022222222222222,4.871637620196037,7.172806824248407,0.8481035285120064,0.7744331642405007,0.9217738927835122,0.0006812434496601957,-0.005205118850523758,0.00656760574984415
gppo_none,11.0,5,0.7110347287062975,0.6792812074161483,0.7427882499964467,0.0,0.0,0.0,86.51848613388832,75.8688142087817,97.16815805899493,0.9288936372269706,0.8937603504926573,0.9640269239612839,0.0,0.0,0.0,5.855555555555556,5.211135457931171,6.499975653179941,0.85870644803083,0.814262817082063,0.9031500789795969,8.17382697843843e-05,-0.0010999427719691238,0.0012634193115378925
gppo_none,12.0,5,0.6890518360030297,0.6266802839319364,0.7514233880741229,0.0,0.0,0.0,97.3685434193156,80.77450230139043,113.96258453724077,0.903994539411206,0.8307950182112981,0.9771940606111139,0.0,0.0,0.0,6.3,5.046523369893869,7.553476630106131,0.8156823712773369,0.7580904976403808,0.873274244914293,-0.0010045739210968031,-0.006742292632282812,0.004733144790089206
gppo_none,13.0,5,0.6883749139386394,0.641627718868617,0.7351221090086617,0.01111111111111111,-0.019733333333333325,0.041955555555555545,81.93612373988104,64.0248095793284,99.84743790043368,0.8995726495726496,0.8391533262285593,0.9599919729167399,0.0,0.0,0.0,6.266666666666667,5.340819401978336,7.1925139313549975,0.8296786082314641,0.7655676590097831,0.8937895574531451,-2.1576025109324057e-06,-0.0010620050550230245,0.0010576898500011596
gppo_none,14.0,5,0.6874107668246628,0.6251670852951589,0.7496544483541668,0.01111111111111111,-0.019733333333333325,0.041955555555555545,83.18891415507377,69.1563534770731,97.22147483307445,0.9042616334283002,0.8218314546665019,0.9866918121900986,0.0,0.0,0.0,6.2444444444444445,4.901205187376519,7.58768370151237,0.8328596524248699,0.7505458478956301,0.9151734569541098,-0.0003652872214655555,-0.0013930171489041868,0.0006624427059730759
gppo_none,15.0,5,0.6815950332702251,0.6324549123905159,0.7307351541499343,0.01111111111111111,-0.019733333333333325,0.041955555555555545,75.60355080589599,65.12965447830464,86.07744713348734,0.8910078347578347,0.8265005059774382,0.9555151635382313,0.0,0.0,0.0,6.477777777777779,5.500441974638057,7.455113580917501,0.845231507622812,0.7737456845951052,0.9167173306505187,0.0009172489964551043,-0.00015838537887241893,0.0019928833717826272
gppo_none,16.0,5,0.7035481535609412,0.6423747939134611,0.7647215132084214,0.0,0.0,0.0,77.0976009341861,60.03154887435046,94.16365299402175,0.9254748338081672,0.8458164898915297,1.0051331777248047,0.0,0.0,0.0,5.933333333333333,4.690528027126523,7.1761386395401425,0.8526136578648134,0.8157945921015928,0.8894327236280339,-0.0006594163414445661,-0.004428575680421765,0.003109742997532632
gppo_none,17.0,5,0.712702409246527,0.6442672736062806,0.7811375448867733,0.0,0.0,0.0,84.4221045350267,67.59595799316727,101.24825107688613,0.9295643399810066,0.8482629284773491,1.0108657514846642,0.0,0.0,0.0,5.866666666666666,4.391766736016422,7.341566597316911,0.839558239949163,0.7563599741621426,0.9227565057361834,0.0014903672205724028,-0.0029431726454730222,0.0059239070866178275
gppo_none,18.0,5,0.7220146733850911,0.6689475708711534,0.7750817758990287,0.01111111111111111,-0.019733333333333325,0.041955555555555545,89.0238266159527,67.89165285302066,110.15600037888474,0.9391737891737891,0.8723540357517994,1.005993542595779,0.0,0.0,0.0,5.6000000000000005,4.581199081951099,6.618800918048902,0.8430107667426509,0.8013674963592491,0.8846540371260526,-0.0003990566033687212,-0.0029149268103547473,0.0021168136036173045
gppo_none,19.0,5,0.6971088365078135,0.6532822222886461,0.740935450726981,0.0,0.0,0.0,79.16382994517514,64.13278906652592,94.19487082382436,0.9179190408357076,0.854792004487777,0.9810460771836382,0.0,0.0,0.0,6.0777777777777775,5.096798358907578,7.058757196647977,0.8310231770978508,0.7597637105921207,0.9022826436035809,-0.00029419533101544305,-0.002760717280148107,0.002172326618117221
gppo_none,20.0,5,0.6740038574352301,0.6391970754398205,0.7088106394306396,0.0,0.0,0.0,80.95895490445903,69.5927913462261,92.32511846269198,0.8776115859449192,0.8374237309833297,0.9177994409065087,0.0,0.0,0.0,6.644444444444444,5.8002978724193435,7.488591016469544,0.8223698853718036,0.7641049717957388,0.8806347989478683,-0.0009029220549240966,-0.003965906346281314,0.0021600622364331213
gppo_none,21.0,5,0.7174817148542301,0.6555340707570377,0.7794293589514224,0.0,0.0,0.0,79.99648455633003,61.954667745809445,98.03830136685062,0.9440823836657171,0.8754464983764642,1.0127182689549699,0.0,0.0,0.0,5.7444444444444445,4.502404884031963,6.986484004856926,0.8439724732167637,0.7915907417576443,0.8963542046758831,-0.0021568489937473915,-0.008287942260435267,0.0039742442729404845
gppo_none,22.0,5,0.7349335205462657,0.6636835618088837,0.8061834792836478,0.01111111111111111,-0.019733333333333325,0.041955555555555545,64.29179252366745,50.789609284976365,77.79397576235854,0.9589684235517568,0.8704953871044956,1.047441459999018,0.0,0.0,0.0,5.377777777777778,3.793411823044303,6.962143732511254,0.8809971610515088,0.823819934614286,0.9381743874887316,-0.0013316668707245428,-0.004520716283501468,0.001857382542052382
gppo_none,23.0,5,0.7346756332455394,0.6715932386011518,0.797758027889927,0.03333333333333333,-0.004443241810922788,0.07110990847758945,79.68945881200628,55.99584426180881,103.38307336220375,0.95917616334283,0.8696890529145238,1.048663273771136,0.0,0.0,0.0,5.444444444444445,4.212595952878685,6.676292936010205,0.8545663148146098,0.8258991694373952,0.8832334601918244,-0.0008092740904872438,-0.0017875618516628672,0.0001690136706883796
gppo_none,24.0,5,0.6678963420384989,0.628877638094131,0.7069150459828668,0.01111111111111111,-0.019733333333333325,0.041955555555555545,90.05395240575919,71.87152247927439,108.23638233224399,0.8704356600189934,0.8252818544901979,0.915589465547789,0.0,0.0,0.0,6.677777777777777,5.9029741741481025,7.452581381407452,0.8240803264382592,0.804636644374666,0.8435240085018525,-0.0009531864425787147,-0.0032071227177369955,0.0013007498325795662
gppo_none,25.0,5,0.6998097351954982,0.6512432783975548,0.7483761919934415,0.01111111111111111,-0.019733333333333325,0.041955555555555545,83.22339853581506,67.20433719067628,99.24245988095385,0.9194622507122509,0.8579726621031266,0.9809518393213751,0.0,0.0,0.0,6.155555555555556,5.111390244392119,7.199720866718993,0.8383156446091679,0.7829864793863898,0.8936448098319459,-0.0007011530483982319,-0.0029281148553919984,0.0015258087585955345
gppo_none,26.0,5,0.7224588186907028,0.6940373983293378,0.7508802390520679,0.0,0.0,0.0,85.56376648823746,80.76477213805731,90.36276083841761,0.9433998100664767,0.9071304875480511,0.9796691325849022,0.0,0.0,0.0,5.622222222222222,4.98373477191679,6.260709672527653,0.843892820447875,0.8234778061679131,0.8643078347278368,-0.005603927406223698,-0.017073665030520296,0.0058658102180729
gppo_none,27.0,5,0.7396136316479454,0.6854733668070945,0.7937538964887962,0.03333333333333333,-0.004443241810922788,0.07110990847758945,71.49513406774506,57.34547382761353,85.64479430787658,0.9622447768281102,0.8942768176530655,1.0302127360031548,0.0,0.0,0.0,5.177777777777778,4.115545982376937,6.240009573178619,0.8758655440386944,0.8118736273797986,0.9398574606975902,0.0003958461705931564,-0.013493888365221151,0.014285580706407463
gppo_none,28.0,5,0.7415654597368152,0.7099030865646023,0.7732278329090281,0.01111111111111111,-0.019733333333333325,0.041955555555555545,79.56412442059262,60.23322318756647,98.89502565361877,0.9734449192782527,0.9298524652930168,1.0170373732634888,0.0,0.0,0.0,5.133333333333333,4.5191492631241115,5.747517403542554,0.8384870200497584,0.7914384598485151,0.8855355802510017,-0.0022984666428491765,-0.006857426755602269,0.002260493469903916
gppo_none,29.0,5,0.6797590220394996,0.6232622550585827,0.7362557890204164,0.01111111111111111,-0.019733333333333325,0.041955555555555545,77.9207495000401,56.913562976920396,98.92793602315982,0.8907704178537512,0.8253539556124015,0.9561868800951009,0.0,0.0,0.0,6.466666666666667,5.347519024512929,7.585814308820405,0.8139730836937169,0.7584103089096801,0.8695358584777537,0.005416992558646829,-0.006854502880645527,0.017688487997939185
gppo_none,30.0,5,0.7143515229944539,0.6618350851954837,0.7668679607934241,0.02222222222222222,-0.03946666666666665,0.08391111111111109,73.85237719146454,56.14610951755158,91.5586448653775,0.9361585944919278,0.8679961228305624,1.0043210661532933,0.0,0.0,0.0,5.666666666666667,4.590420946869038,6.742912386464296,0.8684862908712013,0.8191311894048712,0.9178413923375315,0.0063788853359957485,-0.004058002427665624,0.016815773099657122
gppo_none,31.0,5,0.7025813226037011,0.619060973275711,0.7861016719316912,0.02222222222222222,-0.015554352922033901,0.05999879736647834,82.7506776489183,53.86224816805538,111.63910712978122,0.9162689933523268,0.8032002930697042,1.0293376936349494,0.0,0.0,0.0,6.022222222222223,4.2674742144261755,7.776970230018271,0.8256383919284376,0.7672451710488924,0.8840316128079827,-0.0022554093693510037,-0.004042079152193889,-0.00046873958650811825
gppo_none,32.0,5,0.7577574537700957,0.7220924352238455,0.793422472316346,0.0,0.0,0.0,69.19812041894895,45.49619915129206,92.90004168660583,0.9872032288698955,0.9384117617548781,1.035994695984913,0.0,0.0,0.0,4.9111111111111105,4.25209301023379,5.570129211988431,0.8872470564861871,0.8604923101258686,0.9140018028465056,0.0003047383228401906,-0.0040518524397481,0.004661329085428482
gppo_none,33.0,5,0.6950740845036286,0.6584186044606276,0.7317295645466296,0.0,0.0,0.0,77.20627481271109,72.23405649455565,82.17849313086653,0.9135921177587845,0.867489828295263,0.9596944072223059,0.0,0.0,0.0,6.2666666666666675,5.602615075632089,6.930718257701246,0.8163039557061296,0.7443662948934071,0.888241616518852,-0.002523017368493749,-0.00906391038557049,0.004017875648582993
gppo_none,34.0,5,0.7476796206698169,0.6771012634557245,0.8182579778839092,0.02222222222222222,-0.03946666666666665,0.08391111111111109,72.46196223481336,58.98975198494172,85.93417248468499,0.9722637701804369,0.8849599816320574,1.0595675587288165,0.0,0.0,0.0,5.0777777777777775,3.66885838518826,6.486697170367295,0.8730466900564939,0.8061755011729035,0.9399178789400844,-0.001009530303417705,-0.004148545535446632,0.0021294849286112227
gppo_none,35.0,5,0.7220014679125931,0.6338195124321053,0.8101834233930809,0.02222222222222222,-0.015554352922033901,0.05999879736647834,73.94360255894058,58.88555114797256,89.0016539699086,0.9434650997150997,0.8287823912132124,1.058147808216987,0.0,0.0,0.0,5.522222222222222,3.8120931741712707,7.232351270273174,0.8281394861414043,0.735466714414515,0.9208122578682936,0.0006043583414360738,-0.0005560021525154891,0.0017647188353876366
gppo_none,36.0,5,0.7256916386083052,0.6954372105789415,0.755946066637669,0.0,0.0,0.0,81.52528016862763,64.99186807069773,98.05869226655753,0.9473528015194683,0.9133674374444996,0.9813381655944371,0.0,0.0,0.0,5.5888888888888895,4.938956115157351,6.238821662620428,0.8542387813711343,0.8101734096430527,0.8983041530992159,0.0006222298696991945,-0.0056102229784536,0.00685468271785199
gppo_none,37.0,5,0.7203797622840675,0.6780993027937278,0.7626602217744073,0.02222222222222222,-0.015554352922033901,0.05999879736647834,71.06278276907418,56.91255460377202,85.21301093437633,0.9438983855650521,0.8867771280850698,1.0010196430450344,0.0,0.0,0.0,5.6,4.761791226689722,6.4382087733102775,0.8556713342133655,0.8226259244318239,0.8887167439949071,-0.0029062510879677055,-0.01028089750485579,0.004468395328920379
gppo_none,38.0,5,0.7052947957299709,0.634087843238528,0.7765017482214138,0.0,0.0,0.0,75.31596232916581,49.4717733835715,101.16015127476012,0.9327635327635326,0.8405234620875827,1.0250036034394825,0.0,0.0,0.0,5.9,4.621349889266415,7.178650110733586,0.8105155142132977,0.7449913244069846,0.8760397040196108,0.0017276382551201443,-0.005249090054533197,0.008704366564773485
gppo_none,39.0,5,0.68784422288898,0.6651471389059714,0.7105413068719885,0.01111111111111111,-0.019733333333333325,0.041955555555555545,83.27980211611359,65.70965280160604,100.84995143062113,0.8957739791073124,0.8615646641102237,0.9299832941044011,0.0,0.0,0.0,6.322222222222223,5.726117921132407,6.918326523312039,0.8199810796387836,0.7810716471113927,0.8588905121661746,-0.0011353457696543679,-0.0027144580464478598,0.00044376650713912427
gppo_none,40.0,5,0.7166188198306698,0.6509764612957445,0.7822611783655951,0.01111111111111111,-0.019733333333333325,0.041955555555555545,79.36820343749334,61.07123336192383,97.66517351306284,0.9414589268755936,0.8569347930187556,1.0259830607324316,0.0,0.0,0.0,5.622222222222222,4.4292158892058024,6.815228555238641,0.8229526742856264,0.7523725864195113,0.8935327621517414,-0.000630189072043221,-0.0026402757302708673,0.0013798975861844254
gppo_none,41.0,5,0.7193201593059694,0.6643549308982214,0.7742853877137174,0.01111111111111111,-0.019733333333333325,0.041955555555555545,72.56456285239769,60.609119930685075,84.5200057741103,0.9378917378917381,0.8681966933719615,1.0075867824115148,0.0,0.0,0.0,5.633333333333333,4.552016674558851,6.714649992107815,0.856514009039192,0.817855697367155,0.8951723207112289,0.00010018897836931822,-0.005520827167892041,0.005721205124630677
gppo_none,42.0,5,0.7040585333093858,0.6738917598590732,0.7342253067596984,0.02222222222222222,-0.015554352922033901,0.05999879736647834,83.75725612393903,58.25961885251236,109.2548933953657,0.9181149097815766,0.8731626613677057,0.9630671581954475,0.0,0.0,0.0,5.911111111111111,5.328730752603625,6.493491469618598,0.8476559068950372,0.812579736353757,0.8827320774363174,-0.0019080861600061804,-0.006403526435740157,0.002587354115727796
gppo_none,43.0,5,0.7386083647336844,0.7162044009059838,0.761012328561385,0.01111111111111111,-0.019733333333333325,0.041955555555555545,79.61589559078344,65.41992337363438,93.8118678079325,0.9607431149097815,0.9251168570911213,0.9963693727284416,0.0,0.0,0.0,5.2,4.696469758408166,5.703530241591834,0.8645469381806148,0.8286684396743804,0.9004254366868492,-0.00031517240218818186,-0.0025609649698486296,0.0019306201654722657
gppo_none,44.0,5,0.6839222718804987,0.6065122687392479,0.7613322750217495,0.01111111111111111,-0.019733333333333325,0.041955555555555545,91.36492449899882,75.51051227712696,107.21933672087067,0.8962428774928775,0.7996135963940486,0.9928721585917063,0.0,0.0,0.0,6.355555555555556,4.720072698475584,7.991038412635528,0.8102965524867306,0.7164341240947409,0.9041589808787203,0.0009718723913344244,-0.004330890337440296,0.006274635120109145
gppo_none,45.0,5,0.6821803853293623,0.6408449929442638,0.7235157777144609,0.0,0.0,0.0,76.7175468949394,68.03151126326796,85.40358252661085,0.8939755460588794,0.8359817426104171,0.9519693495073417,0.0,0.0,0.0,6.277777777777778,5.480880052103282,7.074675503452274,0.8386249857369232,0.7831516668523786,0.8940983046214679,-0.001863715660297275,-0.009259870681298979,0.005532439360704428
gppo_none,46.0,5,0.7013090286619698,0.6358581011134523,0.7667599562104872,0.02222222222222222,-0.015554352922033901,0.05999879736647834,88.798515156261,73.96567983782003,103.63135047470197,0.9241631054131053,0.8478446427505164,1.0004815680756942,0.0,0.0,0.0,5.888888888888888,4.548840649477106,7.228937128300671,0.8246207336188605,0.7427761475902683,0.9064653196474526,0.001920500049906115,-0.0015175564621337878,0.005358556561946018
gppo_none,47.0,5,0.70576881089136,0.6743830192303909,0.7371546025523291,0.01111111111111111,-0.019733333333333325,0.041955555555555545,104.26045640798004,86.09296093808172,122.42795187787837,0.933505460588794,0.8882800950631282,0.9787308261144598,0.0,0.0,0.0,5.866666666666667,5.172495329792065,6.560838003541269,0.8157852850553192,0.766850128059801,0.8647204420508374,0.0004887553826421311,-0.001295396386729246,0.002272907152013508
gppo_none,48.0,5,0.7216425172030458,0.6987644502056715,0.7445205842004202,0.02222222222222222,-0.015554352922033901,0.05999879736647834,82.82845657614756,72.26973455240285,93.38717859989227,0.9537155745489081,0.9138823386516463,0.9935488104461699,0.0,0.0,0.0,5.588888888888888,5.090104561316239,6.087673216461536,0.8516880764163373,0.8215936958215168,0.8817824570111578,-0.0006159812788084512,-0.002640096091308295,0.0014081335336913927
gppo_none,49.0,5,0.7169333805377238,0.649310592114604,0.7845561689608437,0.0,0.0,0.0,78.50568507499771,62.98435445693304,94.0270156930624,0.9304546533713202,0.8355531666317911,1.0253561401108493,0.0,0.0,0.0,5.7444444444444445,4.445311009428892,7.043577879459997,0.8438835519298905,0.8036997099106306,0.8840673939491505,0.003265438046701814,-0.003400307932720721,0.009931184026124348
gppo_none,50.0,5,0.7356084773976932,0.7066598295530422,0.7645571252423442,0.01111111111111111,-0.019733333333333325,0.041955555555555545,72.32803039658853,57.16829812535419,87.48776266782288,0.9600842830009496,0.9202956845609365,0.9998728814409628,0.0,0.0,0.0,5.322222222222222,4.555131368878271,6.089313075566173,0.857084340003867,0.8157365505187976,0.8984321294889365,0.0011480380329192573,-0.006220132320550126,0.00851620838638864
gppo_none,51.0,5,0.7212736876334489,0.6418404328076901,0.8007069424592077,0.03333333333333333,-0.02835555555555555,0.09502222222222222,78.3529760270701,68.71369448044636,87.99225757369383,0.9404202279202278,0.8420057525520179,1.0388347032884377,0.0,0.0,0.0,5.611111111111111,4.053543016172604,7.168679206049617,0.8349058650689084,0.7797834748435009,0.890028255294316,-0.0012375117171489233,-0.0055435615168656915,0.0030685380825678445
gppo_none,52.0,5,0.7078549116176993,0.6603787847667055,0.7553310384686931,0.0,0.0,0.0,70.16934107195712,43.58681596880747,96.75186617510677,0.9236704653371322,0.8553334654014185,0.9920074652728458,0.0,0.0,0.0,5.855555555555556,4.881877002874736,6.829234108236376,0.8773926388236302,0.853397662449286,0.9013876151979743,-0.0007750311142756669,-0.003552148720033519,0.0020020864914821854
gppo_none,53.0,5,0.6629278428543134,0.6066701954024675,0.7191854903061593,0.02222222222222222,-0.015554352922033901,0.05999879736647834,78.2332470077174,62.51009505806707,93.95639895736771,0.8695156695156696,0.7965315555391562,0.942499783492183,0.0,0.0,0.0,6.777777777777777,5.41922092545703,8.136334630098522,0.8088059398573936,0.7564225811844661,0.861189298530321,0.005026228782962933,-0.0035347024930927097,0.013587160059018576
gppo_none,54.0,5,0.7395888153241094,0.6998750594280765,0.7793025712201422,0.0,0.0,0.0,77.67012280666408,69.59991494463837,85.7403306686898,0.968162393162393,0.913915252132474,1.022409534192312,0.0,0.0,0.0,5.311111111111112,4.308548041206878,6.313674181015346,0.8549215685627047,0.7979788116170702,0.9118643255083393,0.0038997253069528457,-0.003576372898653828,0.01137582351255952
gppo_none,55.0,5,0.6933526448702896,0.6561278538371457,0.7305774359034335,0.0,0.0,0.0,93.3374493734523,79.55272961139384,107.12216913551076,0.9046474358974358,0.8598590576623708,0.9494358141325008,0.0,0.0,0.0,6.2,5.40369942519668,6.99630057480332,0.8197500421013008,0.7908586685557746,0.8486414156468269,-0.0017691807965559865,-0.007831254862663792,0.004292893269551819
gppo_none,56.0,5,0.7353857383972474,0.6980784000978045,0.7726930766966903,0.0,0.0,0.0,84.10459560336915,75.34299807084467,92.86619313589362,0.9632241215574548,0.9082354999596748,1.0182127431552348,0.0,0.0,0.0,5.355555555555556,4.580445038226528,6.130666072884584,0.8719302253411824,0.8362287241614035,0.9076317265209612,0.0004876444176544384,-0.001213834562402557,0.002189123397711434
gppo_none,57.0,5,0.7180818352813239,0.6904997261264912,0.7456639444361565,0.0,0.0,0.0,76.58644362258373,64.30532216234569,88.86756508282177,0.9414173789173791,0.9028503564862003,0.9799844013485579,0.0,0.0,0.0,5.722222222222222,5.0588873627413795,6.385557081703065,0.8459588875807974,0.7993998496834716,0.8925179254781233,0.00023756243982851234,-0.004791081243435913,0.005266206123092938
gppo_none,58.0,5,0.7101833514612264,0.6497679247667805,0.7705987781556722,0.01111111111111111,-0.019733333333333325,0.041955555555555545,77.70413414374404,61.18766616889697,94.22060211859112,0.935962725546059,0.8549899272788961,1.0169355238132218,0.0,0.0,0.0,5.911111111111111,4.724902590312675,7.0973196319095475,0.8654746562309829,0.8286801443377141,0.9022691681242516,-0.0045791260818839954,-0.01669916949558932,0.0075409173318213285
gppo_none,59.0,5,0.7351259325278934,0.6647266097258107,0.8055252553299761,0.03333333333333333,-0.02835555555555555,0.09502222222222222,64.29245096372831,48.90315836023857,79.68174356721805,0.956439933523267,0.875571213285361,1.0373086537611729,0.0,0.0,0.0,5.322222222222222,3.9058945025956113,6.738549941848833,0.8824160755380749,0.8367544650905168,0.928077685985633,-0.00010943802578064306,-0.0029595504261714263,0.00274067437461014
gppo_none,60.0,5,0.7139862925114416,0.6847438261972479,0.7432287588256353,0.02222222222222222,-0.015554352922033901,0.05999879736647834,74.20387682036883,65.86132210730287,82.5464315334348,0.9320987654320987,0.8890954546595994,0.975102076204598,0.0,0.0,0.0,5.733333333333333,5.133252308351532,6.333414358315135,0.8594410963038415,0.8187521100395414,0.9001300825681415,0.0013752228990640668,-0.002692272194012378,0.005442717992140512
gppo_none,61.0,5,0.7028303608347468,0.6054592372428208,0.8002014844266728,0.01111111111111111,-0.019733333333333325,0.041955555555555545,69.10019975914066,45.74760203166739,92.45279748661395,0.9180792972459638,0.7933921115266804,1.0427664829652472,0.0,0.0,0.0,5.977777777777778,3.9790672976907104,7.976488257864846,0.845140191827835,0.7710343960855497,0.9192459875701202,0.00019137016164937198,-0.003751295641311377,0.00413403596461012
gppo_none,62.0,5,0.6972537499077636,0.6460355486906142,0.7484719511249129,0.0,0.0,0.0,96.44950660414305,80.95342924192379,111.94558396636232,0.9189814814814815,0.8486527313781885,0.9893102315847745,0.0,0.0,0.0,6.111111111111112,5.1566761402617365,7.065546081960487,0.8190450943454376,0.7844454816684263,0.8536447070224489,0.0006741406253745987,-0.0014871525421313514,0.0028354337928805486
gppo_none,63.0,5,0.7184637519185686,0.6755003525530301,0.7614271512841071,0.01111111111111111,-0.019733333333333325,0.041955555555555545,90.51074791129469,72.40525899542772,108.61623682716166,0.9308226495726496,0.8710043469988225,0.9906409521464767,0.0,0.0,0.0,5.711111111111111,4.864432515686249,6.557789706535973,0.8641636952687677,0.8179637839904732,0.9103636065470622,-0.0007298627450199084,-0.002090272325817197,0.0006305468357773803
gppo_none,64.0,5,0.699840975110583,0.6725950971860546,0.7270868530351113,0.02222222222222222,-0.015554352922033901,0.05999879736647834,72.77058251976078,62.86183194512118,82.67933309440038,0.9160256410256409,0.8849629172843949,0.9470883647668868,0.0,0.0,0.0,6.066666666666667,5.450935530857426,6.682397802475909,0.8516790914872756,0.7908570862260077,0.9125010967485435,0.0015844322223168249,-0.0023134876459580183,0.005482352090591668
gppo_none,65.0,5,0.7202846467967952,0.6478329805960139,0.7927363129975764,0.02222222222222222,-0.015554352922033901,0.05999879736647834,68.96074241759177,57.18239496164507,80.73908987353848,0.9378027065527066,0.8357620594123166,1.0398433536930967,0.0,0.0,0.0,5.666666666666666,3.999924671331952,7.33340866200138,0.8344025880737306,0.7841590027907587,0.8846461733567025,0.015228067904697834,-0.020467490455514437,0.05092362626491011
gppo_none,66.0,5,0.7308410081204199,0.657524292639139,0.8041577236017007,0.0,0.0,0.0,81.10976986053106,61.253363796132874,100.96617592492925,0.9533297720797721,0.8510069257453208,1.0556526184142234,0.0,0.0,0.0,5.355555555555556,3.812870736045855,6.898240375065257,0.8565923824745673,0.7754946023084367,0.9376901626406978,0.0004323124559780968,-0.002762333131672076,0.0036269580436282694
gppo_none,67.0,5,0.6958153870266873,0.6454526395671523,0.7461781344862224,0.0,0.0,0.0,82.04574655354962,69.63957167229634,94.4519214348029,0.9094195156695157,0.8473196975447883,0.9715193337942432,0.0,0.0,0.0,6.177777777777778,5.1211585747311394,7.234396980824417,0.8433167771573569,0.7932875389950487,0.8933460153196651,0.0014097597129875794,-0.0041692983802490025,0.006988817806224162
gppo_none,68.0,5,0.7182337481911225,0.6560687547499109,0.7803987416323341,0.0,0.0,0.0,80.35164665319228,59.28690658386991,101.41638672251464,0.940295584045584,0.8597573217104941,1.0208338463806739,0.0,0.0,0.0,5.655555555555556,4.404167896362671,6.90694321474844,0.8501508083104419,0.8155876360142228,0.884713980606661,0.0019967832648253117,-0.007927283570982557,0.011920850100633179
gppo_none,69.0,5,0.7105031623132422,0.6682278922098863,0.752778432416598,0.01111111111111111,-0.019733333333333325,0.041955555555555545,84.8539524280602,74.5299719599846,95.1779328961358,0.930519943019943,0.8824341957828032,0.9786056902570828,0.0,0.0,0.0,5.777777777777779,4.874556798021659,6.6809987575338985,0.839500978511276,0.8016727132461487,0.8773292437764033,-0.0005920722453285836,-0.004405967064846947,0.003221822574189779
gppo_none,70.0,5,0.7299090020285673,0.6991612908758894,0.7606567131812453,0.02222222222222222,-0.015554352922033901,0.05999879736647834,71.36232644617368,55.514842493469665,87.20981039887769,0.9450439221272555,0.9093198206732762,0.9807680235812348,0.0,0.0,0.0,5.388888888888888,4.604020498568921,6.173757279208856,0.8774689289649243,0.8397389391211508,0.9151989188086979,-0.005029735114173187,-0.015188128007838564,0.0051286577794921896
gppo_none,71.0,5,0.6866228245799857,0.6561800706723145,0.7170655784876568,0.0,0.0,0.0,79.7911978300202,66.32371848158635,93.25867717845404,0.8955068850902184,0.863344751477996,0.9276690187024407,0.0,0.0,0.0,6.299999999999999,5.7095081037760345,6.890491896223963,0.8407963418129659,0.8244388359722404,0.8571538476536914,0.0002569444207770247,-0.0014017987078125422,0.0019156875493665918
gppo_none,72.0,5,0.6873158206220642,0.638997960033247,0.7356336812108814,0.0,0.0,0.0,74.87688002090991,54.14471642024995,95.60904362156987,0.9085766856600189,0.8425763827610026,0.9745769885590353,0.0,0.0,0.0,6.133333333333334,5.086665389007622,7.180001277659046,0.8093227906237732,0.7616885375248971,0.8569570437226494,0.00030282274803279766,-0.003403248230080837,0.004008893726146432
gppo_none,73.0,5,0.7016805425874053,0.6657187337206212,0.7376423514541894,0.01111111111111111,-0.019733333333333325,0.041955555555555545,85.05285301432019,59.1837712846031,110.92193474403729,0.9224358974358975,0.8800029941785634,0.9648688006932316,0.0,0.0,0.0,5.977777777777779,5.283606440903178,6.67194911465238,0.8261476474647831,0.8063306906715683,0.8459646042579979,-0.0005844662325442628,-0.007771874889088765,0.006602942424000239
gppo_none,74.0,5,0.7058690373189858,0.6663641452431412,0.7453739293948303,0.0,0.0,0.0,84.89815592768736,76.43916201897015,93.35714983640456,0.9304843304843307,0.8807861931187011,0.9801824678499602,0.0,0.0,0.0,5.988888888888889,5.2798020116261855,6.697975766151592,0.848626022676366,0.8047244790474632,0.8925275663052687,-0.0009038133824813283,-0.005414543222813971,0.003606916457851314
gppo_none,75.0,5,0.7094599354893473,0.6919949721471211,0.7269248988315734,0.02222222222222222,-0.03946666666666665,0.08391111111111109,83.86266336764109,58.73787547021348,108.9874512650687,0.9212013295346629,0.8986059154160312,0.9437967436532947,0.0,0.0,0.0,5.944444444444445,5.4792145079322285,6.409674380956661,0.8278753526004167,0.8095753801978235,0.8461753250030098,-0.0019957821911219696,-0.006181081928779645,0.0021895175465357058
gppo_none,76.0,5,0.7123277224811752,0.6710621954350706,0.7535932495272797,0.01111111111111111,-0.019733333333333325,0.041955555555555545,84.31619586407999,73.78476018265552,94.84763154550446,0.9329237891737892,0.8722637534512077,0.9935838248963706,0.0,0.0,0.0,5.888888888888889,4.957151788258375,6.820625989519404,0.8431798732020834,0.7553722099045043,0.9309875364996626,-0.014340528615543413,-0.0500709897607623,0.02138993252967547
gppo_none,77.0,5,0.701725162223547,0.6091654199362495,0.7942849045108444,0.01111111111111111,-0.019733333333333325,0.041955555555555545,80.25547609051539,66.74141971483716,93.76953246619361,0.9107075023741691,0.785532674095966,1.0358823306523721,0.0,0.0,0.0,6.022222222222222,4.052882342095688,7.991562102348756,0.8310859170194208,0.7182872534793902,0.9438845805594515,-0.005014764394662861,-0.012531987657157996,0.002502458867832273
gppo_none,78.0,5,0.7139132787502354,0.5971808672532092,0.8306456902472615,0.02222222222222222,-0.015554352922033901,0.05999879736647834,81.1174905628225,62.823634215464125,99.41134691018087,0.9345679012345679,0.7843404783259535,1.0847953241431822,0.0,0.0,0.0,5.833333333333333,3.42825767989425,8.238408986772416,0.8539065526317623,0.7689064082788121,0.9389066969847125,0.0019074510104422058,-0.004209296545942751,0.008024198566827161
gppo_none,79.0,5,0.7106640356833854,0.6685880237461038,0.752740047620667,0.02222222222222222,-0.03946666666666665,0.08391111111111109,79.39505000882363,55.74954364843539,103.04055636921187,0.9230472459639125,0.8792641679830752,0.9668303239447499,0.0,0.0,0.0,5.866666666666667,5.175930142243034,6.5574031910903,0.841037743403304,0.7977605111407401,0.8843149756658678,0.015980576207460403,-0.019903448757403328,0.05186460117232414
gppo_none,80.0,5,0.6941151626072768,0.6417695674951706,0.746460757719383,0.01111111111111111,-0.019733333333333325,0.041955555555555545,87.61850737099397,76.76709757844375,98.46991716354418,0.9083273979107312,0.8423753088130531,0.9742794870084094,0.0,0.0,0.0,6.188888888888888,5.118626667414146,7.25915111036363,0.8305972527582097,0.7721859860455224,0.8890085194708971,0.0030383988841074625,-0.00862441544986119,0.014701213218076114
gppo_none,81.0,5,0.6853110595223149,0.6544251601599036,0.7161969588847261,0.0,0.0,0.0,81.1019263371954,51.383122796261944,110.82072987812884,0.8999050332383666,0.8664027413788216,0.9334073250979116,0.0,0.0,0.0,6.444444444444445,5.653538515996364,7.235350372892525,0.8332438102832839,0.7735158980611789,0.8929717225053888,0.0019717700610988576,-0.005185558191360138,0.009129098313557854
gppo_none,82.0,5,0.6964345357525238,0.6388433759218728,0.7540256955831748,0.0,0.0,0.0,76.23660918608975,64.46661532421258,88.00660304796692,0.9166607312440647,0.8418476649064188,0.9914737975817105,0.0,0.0,0.0,6.0888888888888895,4.960218215316338,7.217559562461441,0.838273859998969,0.7475203178142542,0.9290274021836837,-0.00017472623228766485,-0.006067436366853427,0.005717983902278097
gppo_none,83.0,5,0.7276205953260962,0.6697028639479546,0.7855383267042378,0.0,0.0,0.0,82.07423066098917,65.13806049240591,99.01040082957243,0.9538698955365621,0.8725794833099673,1.0351603077631568,0.0,0.0,0.0,5.488888888888889,4.206523923986199,6.7712538537915785,0.8709614781353912,0.8317204866682829,0.9102024696024994,-0.003926379950717092,-0.01514951090126072,0.007296750999826536
gppo_none,84.0,5,0.7408247880048705,0.7191753114792874,0.7624742645304536,0.0,0.0,0.0,77.19022070453013,64.86309739169253,89.51734401736773,0.9702813390313392,0.9509830536997507,0.9895796243629277,0.0,0.0,0.0,5.155555555555556,4.681714208975928,5.629396902135184,0.8712463599343844,0.8284242643211857,0.9140684555475831,0.0015117777252314786,-0.006182468497369967,0.009206023947832924
gppo_none,85.0,5,0.7132513208035374,0.6792870697844312,0.7472155718226435,0.0,0.0,0.0,73.14002366000359,61.75081643816816,84.52923088183903,0.9376721272554607,0.8895572494328273,0.985787005078094,0.0,0.0,0.0,5.644444444444445,5.034145195441685,6.254743693447205,0.8569222724955889,0.8290140880720116,0.8848304569191663,8.39199197740989e-05,-0.0017118561987195333,0.0018796960382677311
gppo_none,86.0,5,0.7334877287792665,0.6937647504570478,0.7732107071014852,0.01111111111111111,-0.019733333333333325,0.041955555555555545,80.37039036593714,71.54337699185545,89.19740374001883,0.965224358974359,0.9114289392815268,1.0190197786671913,0.0,0.0,0.0,5.355555555555556,4.502998149067275,6.208112962043837,0.8632143402900458,0.8309257826183909,0.8955028979617008,-0.0031445854159149653,-0.008050064725036162,0.0017608938932062311
gppo_none,87.0,5,0.7289954275170993,0.6967245731011169,0.7612662819330818,0.01111111111111111,-0.019733333333333325,0.041955555555555545,83.88338675223612,61.600239145649795,106.16653435882245,0.9604404083570749,0.9306166452005215,0.9902641715136283,0.0,0.0,0.0,5.4222222222222225,4.78522656706329,6.059217877381155,0.8220628467314317,0.7598928718074298,0.8842328216554336,-0.0007924753318221239,-0.0065949367113654084,0.005009986047721161
gppo_none,88.0,5,0.7251655443322109,0.6918823646186688,0.758448724045753,0.02222222222222222,-0.03946666666666665,0.08391111111111109,73.02037933526803,59.608939185428724,86.43181948510734,0.9447886989553655,0.899891350125982,0.9896860477847491,0.0,0.0,0.0,5.611111111111112,4.879570879058827,6.342651343163396,0.8522188346133358,0.816946974156179,0.8874906950704926,-0.0010585475368908004,-0.004280749631404918,0.0021636545576233174
gppo_none,89.0,5,0.7135933323355925,0.6567495127003748,0.7704371519708102,0.02222222222222222,-0.015554352922033901,0.05999879736647834,74.51853816031931,62.29913651847975,86.73793980215888,0.9297364672364672,0.8600606963782167,0.9994122380947177,0.0,0.0,0.0,5.7666666666666675,4.72821158813729,6.805121745196045,0.8349864854177346,0.7667532074366743,0.9032197633987948,-0.0007704552133440123,-0.017805557916458523,0.0162646474897705
gppo_none,90.0,5,0.7051072371871492,0.6768097765763285,0.7334046977979699,0.0,0.0,0.0,85.01451650270523,55.360963114031186,114.66806989137928,0.9311372269705604,0.8963703380854122,0.9659041158557087,0.0,0.0,0.0,5.933333333333333,5.359593501555983,6.507073165110683,0.8235262389247897,0.7972912108083882,0.8497612670411913,-0.0013030814952036875,-0.007086398006858977,0.004480235016451602
gppo_none,91.0,5,0.6926330117027049,0.6296206430912561,0.7556453803141536,0.02222222222222222,-0.015554352922033901,0.05999879736647834,75.74407358639692,57.39189022678582,94.09625694600803,0.9013888888888889,0.8140690063639239,0.9887087714138539,0.0,0.0,0.0,6.177777777777779,4.952317480482549,7.403238075073009,0.8388590451204868,0.7798138882586836,0.89790420198229,0.004619171819811326,-0.013411542592777714,0.022649886232400364
gppo_none,92.0,5,0.7014778150317366,0.6640622289493628,0.7388934011141103,0.01111111111111111,-0.019733333333333325,0.041955555555555545,79.48349039041209,65.2650886807185,93.70189210010567,0.9198361823361824,0.8720413897306669,0.9676309749416978,0.0,0.0,0.0,5.955555555555556,5.2703505437903555,6.640760567320756,0.8470383770432566,0.7912422442348609,0.9028345098516523,-0.004690048532728623,-0.01728386378935724,0.007903766723899995
gppo_none,93.0,5,0.6884275374620643,0.6500306269931979,0.7268244479309307,0.0,0.0,0.0,75.00774285620476,61.500132778675166,88.51535293373435,0.8967236467236468,0.8343056309957131,0.9591416624515805,0.0,0.0,0.0,6.2666666666666675,5.342104766008768,7.191228567324567,0.8219756574358474,0.7626109526671487,0.8813403622045461,-0.0009407249821205846,-0.0025925266771377603,0.000711076712896591
gppo_none,94.0,5,0.724348161823652,0.6492242569255364,0.7994720667217676,0.01111111111111111,-0.019733333333333325,0.041955555555555545,82.52630314590361,61.603533286050556,103.44907300575667,0.9443732193732195,0.8524368037580173,1.0363096349884218,0.0,0.0,0.0,5.511111111111111,4.009997209641544,7.012225012580678,0.8425702853239085,0.7759335203999596,0.9092070502478575,0.0015671142909143652,-0.004280013077345782,0.007414241659174512
gppo_none,95.0,5,0.72611913034867,0.661960543265176,0.7902777174321641,0.0,0.0,0.0,68.84723920656586,49.606884081585065,88.08759433154665,0.9498100664767332,0.8616106918634919,1.0380094410899743,0.0,0.0,0.0,5.466666666666667,4.18133754880052,6.751995784532814,0.8631419008287811,0.8246630664722937,0.9016207351852684,-0.0005768563911607046,-0.001581778818054172,0.00042806603573276273
gppo_none,96.0,5,0.7497865263071998,0.6777103964689335,0.821862656145466,0.03333333333333333,-0.02835555555555555,0.09502222222222222,65.1919456025128,49.51499201629558,80.86889918873003,0.9757537986704653,0.8906855607671738,1.0608220365737568,0.0,0.0,0.0,4.966666666666666,3.6620524024982855,6.271280930835046,0.8727665511689271,0.8508766715507592,0.894656430787095,-0.0004911160700777102,-0.0011908651562724062,0.00020863301611698563
gppo_none,97.0,5,0.7257183248061339,0.7081709190525329,0.7432657305597348,0.0,0.0,0.0,76.1345768608976,63.48675447729312,88.78239924450207,0.9543566001899336,0.9284608572209019,0.9802523431589654,0.0,0.0,0.0,5.633333333333333,5.334285349240272,5.932381317426394,0.8755451187440129,0.8260588933102806,0.9250313441777451,-0.0009234139862071191,-0.003391373606060382,0.0015445456336461438
gppo_none,98.0,5,0.7033374672515764,0.632592143915421,0.7740827905877319,0.01111111111111111,-0.019733333333333325,0.041955555555555545,70.43850112759662,63.97553448085137,76.90146777434188,0.9173611111111111,0.8227434276375701,1.0119787945846521,0.0,0.0,0.0,6.033333333333333,4.59600207929787,7.4706645873687965,0.844653192437551,0.8014940751881471,0.8878123096869549,-0.00013668545569609191,-0.0031891784520430865,0.0029158075406509024
gppo_none,99.0,5,0.6971680743004273,0.6283369699214936,0.765999178679361,0.01111111111111111,-0.019733333333333325,0.041955555555555545,76.98757883538664,66.1825322187799,87.79262545199339,0.9146783000949668,0.8363408337499127,0.9930157664400208,0.0,0.0,0.0,6.022222222222223,4.661391340230374,7.383053104214072,0.8357455966075342,0.764358841682368,0.9071323515327004,-0.0016238303120998253,-0.014736123764195842,0.011488463139996193
gppo_none,100.0,5,0.70009508011959,0.6527502062452447,0.7474399539939353,0.02222222222222222,-0.015554352922033901,0.05999879736647834,79.72509446957297,73.293650316881,86.15653862226493,0.9132181861348527,0.8599771635705327,0.9664592086991728,0.0,0.0,0.0,5.888888888888888,5.108579308033118,6.669198469744659,0.8228880006339961,0.7341941074375421,0.9115818938304502,-0.0007359034284794084,-0.004893518115346036,0.0034217112583872188
gppo_periodic,1.0,5,0.6961382617019872,0.6177705981705474,0.7745059252334271,0.01111111111111111,-0.019733333333333325,0.041955555555555545,24.219917549467308,22.2740454773317,26.165789621602915,0.9065408357075023,0.8016474678360547,1.0114342035789499,11.088888888888889,10.38114498040221,11.796632797375567,6.21111111111111,4.607348297454074,7.814873924768147,0.92576147799187,0.8705377934457573,0.9809851625379827,-0.0011206917639356106,-0.007157815904723749,0.004916432376852527
gppo_periodic,2.0,5,0.6851750727257749,0.658628731805393,0.7117214136461568,0.02222222222222222,-0.015554352922033901,0.05999879736647834,25.812277026064823,23.926677343638282,27.697876708491364,0.8928952991452992,0.8515654658977252,0.9342251323928732,11.533333333333335,10.399406644214372,12.667260022452298,6.4,5.847376348008212,6.9526236519917886,0.909765221878225,0.8649635920586921,0.9545668516977578,0.0003170520765706897,-0.002966855013377895,0.003600959166519275
gppo_periodic,3.0,5,0.6710198592261566,0.607336266864688,0.7347034515876252,0.02222222222222222,-0.03946666666666665,0.08391111111111109,24.788029754250097,21.262576887829628,28.313482620670566,0.8757063152896487,0.7999410744842207,0.9514715560950767,11.055555555555555,9.760639799679979,12.350471311431132,6.677777777777777,5.365166360472752,7.990389195082802,0.9001206509539843,0.8372053332746731,0.9630359686332955,-0.003998249677897548,-0.006922249726802101,-0.0010742496289929938
gppo_periodic,4.0,5,0.6731631373820207,0.6302165980181592,0.7161096767458822,0.02222222222222222,-0.015554352922033901,0.05999879736647834,24.692705573225677,23.311566259013325,26.073844887438028,0.8785849952516619,0.8300679654034431,0.9271020250998807,11.033333333333333,10.130639166675257,11.93602749999141,6.5777777777777775,5.556412074780433,7.599143480775122,0.8992808689132218,0.8488051057253047,0.9497566321011389,-0.0016136495803948491,-0.005652588713718332,0.002425289552928633
gppo_periodic,5.0,5,0.7010796113204468,0.6516967804429253,0.7504624421979683,0.04444444444444444,-0.013260227253802562,0.10214911614269144,24.346856440073594,22.00993596661964,26.68377691352755,0.9130698005698006,0.8511060755274595,0.9750335256121416,10.944444444444446,9.754832161927133,12.13405672696176,6.133333333333334,5.031318698759539,7.235347967907129,0.9225408881163359,0.8740704780351228,0.971011298197549,0.003937866237174603,-0.0006922477569670446,0.00856798023131625
gppo_periodic,6.0,5,0.7049938280291738,0.6138195297565279,0.7961681263018197,0.02222222222222222,-0.015554352922033901,0.05999879736647834,24.014683799071072,22.476995141973294,25.55237245616885,0.9194741215574549,0.8116994977117986,1.0272487454031112,10.833333333333334,10.338378500626598,11.32828816604007,6.044444444444444,4.176253708947256,7.912635179941633,0.9202083938846402,0.8362328189334919,1.0041839688357883,-0.0030771734192967413,-0.015809749314050468,0.009655402475456987
gppo_periodic,7.0,5,0.6915985168655447,0.6224922104924807,0.7607048232386088,0.01111111111111111,-0.019733333333333325,0.041955555555555545,23.345585151158105,21.110109993141503,25.581060309174706,0.9036087369420704,0.802429839009531,1.0047876348746099,10.6,9.126067957410234,12.073932042589766,6.2555555555555555,4.8298547305333015,7.68125638057781,0.9217066085693535,0.8270464734879736,1.0163667436507335,-0.0014384063329392423,-0.010768360175072936,0.007891547509194453
gppo_periodic,8.0,5,0.6959537838704505,0.6523946565494583,0.7395129111914427,0.02222222222222222,-0.015554352922033901,0.05999879736647834,23.940226120691833,21.172129086637916,26.70832315474575,0.9083986229819564,0.8444723350233732,0.9723249109405396,10.633333333333333,9.31601914543827,11.950647521228396,6.122222222222222,5.298323287991112,6.946121156453332,0.8964735591206179,0.8682317166504484,0.9247154015907874,0.009407865144021343,-0.006138046406991136,0.024953776695033823
gppo_periodic,9.0,5,0.7167999592605304,0.6938058637748306,0.7397940547462303,0.0,0.0,0.0,26.225720295158617,24.51854267272981,27.93289791758742,0.9329000474833808,0.8998624615615741,0.9659376334051876,12.4,11.430237716795542,13.369762283204459,5.777777777777779,5.336152541426054,6.219403014129503,0.9750377019494667,0.9588610632425865,0.991214340656347,8.052112825680524e-05,-0.004406222343952804,0.004567264600466415
gppo_periodic,10.0,5,0.7187068867951221,0.6884884283169862,0.7489253452732579,0.01111111111111111,-0.019733333333333325,0.041955555555555545,24.101810070751004,23.227675486978075,24.975944654523932,0.9351198955365623,0.9014994718059346,0.96874031926719,10.933333333333334,10.210954073824936,11.65571259284173,5.644444444444445,4.983624267189946,6.305264621698943,0.922947365815013,0.8779802301053967,0.9679145015246293,-0.0054580228592385534,-0.016795029843910042,0.005878984125432933
gppo_periodic,11.0,5,0.7441233176772393,0.7256565567483951,0.7625900786060834,0.03333333333333333,-0.004443241810922788,0.07110990847758945,24.51819784514492,22.29630340123492,26.740092289054918,0.9723884140550808,0.9581594742087624,0.9866173539013993,11.31111111111111,9.992894467682442,12.629327754539778,5.188888888888888,4.8219825860515995,5.555795191726177,0.9531279178338001,0.9193755914668473,0.9868802442007529,0.002655155016691424,-0.004080583402873499,0.009390893436256348
gppo_periodic,12.0,5,0.7189850145807654,0.6680242731710764,0.7699457559904543,0.02222222222222222,-0.015554352922033901,0.05999879736647834,23.88479811767336,21.80723190138631,25.96236433396041,0.9430733618233618,0.8849920630104322,1.0011546606362913,10.988888888888889,10.021582325714373,11.956195452063405,5.655555555555557,4.666366960772246,6.644744150338868,0.9350732427473913,0.8527024790972029,1.0174440063975798,-0.0018967725802212954,-0.011046781575093804,0.007253236414651213
gppo_periodic,13.0,5,0.7210275372775372,0.6514903550714716,0.7905647194836029,0.03333333333333333,-0.02835555555555555,0.09502222222222222,23.82037062044798,21.965404462770245,25.67533677812572,0.9431030389363724,0.8556738364606873,1.0305322414120575,10.944444444444445,10.106803371011896,11.782085517876993,5.6,4.190405514227233,7.009594485772766,0.9346086099496158,0.886475084259585,0.9827421356396466,-0.0015300844737794251,-0.007509099499086114,0.004448930551527263
gppo_periodic,14.0,5,0.7117360385817333,0.627190701487017,0.7962813756764495,0.01111111111111111,-0.019733333333333325,0.041955555555555545,23.744908856845502,21.576293675648518,25.913524038042485,0.932520180436847,0.8208927897917334,1.0441475710819605,10.788888888888888,10.100221475028192,11.477556302749583,5.822222222222223,4.054106312944222,7.590338131500224,0.9303256656197834,0.8551335806366641,1.0055177506029025,-0.0016397434083046392,-0.0034400760313314906,0.00016058921472221228
gppo_periodic,15.0,5,0.7207472038002729,0.6593426221886357,0.7821517854119101,0.0,0.0,0.0,23.765923932525826,22.096043094388737,25.435804770662916,0.9401828110161443,0.8598442530870835,1.020521368945205,10.744444444444445,9.820912123059873,11.667976765829017,5.688888888888888,4.350083654803357,7.027694122974419,0.9383721670486376,0.8862496115707084,0.9904947225265668,0.002612411603331566,-0.006994948153086402,0.012219771359749533
gppo_periodic,16.0,5,0.7165971302149904,0.6672747762051695,0.7659194842248113,0.0,0.0,0.0,24.556294033749197,23.928802297977665,25.18378576952073,0.9428418803418804,0.879141047470124,1.0065427132136369,11.266666666666667,10.968415083412562,11.564918249920773,5.688888888888889,4.713989728291583,6.663788049486195,0.9481875938781309,0.9063079398326769,0.9900672479235849,0.001908990676747635,-0.010268259567836655,0.014086240921331924
gppo_periodic,17.0,5,0.7195697167755991,0.6517816048767779,0.7873578286744203,0.02222222222222222,-0.015554352922033901,0.05999879736647834,24.325635203425964,23.09692921935117,25.554341187500757,0.9392509496676162,0.8603652923148708,1.0181366070203617,10.944444444444446,9.90759386649811,11.981295022390784,5.722222222222222,4.3062304038738155,7.138214040570629,0.9324756865123446,0.8284555841081045,1.0364957889165847,0.0077539094927487895,-0.012549362212820478,0.028057181198318057
gppo_periodic,18.0,5,0.733908857789932,0.6855752251091255,0.7822424904707385,0.03333333333333333,-0.004443241810922788,0.07110990847758945,23.96080307952177,22.555447044031737,25.366159115011804,0.9522910731244065,0.8918326223517734,1.0127495238970396,10.988888888888889,10.51756397723486,11.460213800542919,5.355555555555556,4.474192084338906,6.236919026772206,0.9498477539163813,0.8979682478435665,1.001727259989196,-0.0021918079524766653,-0.006255295071822013,0.0018716791668686827
gppo_periodic,19.0,5,0.6979136163322012,0.6424185263687066,0.7534087062956958,0.01111111111111111,-0.019733333333333325,0.041955555555555545,24.644156821636265,23.3858703259114,25.90244331736113,0.9152837132003799,0.8406982239176252,0.9898692024831347,11.144444444444442,10.534145195441683,11.754743693447201,6.0888888888888895,4.969741246735151,7.2080365310426275,0.9220832251799855,0.8755741268568036,0.9685923235031675,0.003799033188261092,-0.004342828419470459,0.011940894795992644
gppo_periodic,20.0,5,0.6955015137368079,0.6690098181610195,0.7219932093125964,0.0,0.0,0.0,24.053920770007863,22.262540997694988,25.84530054232074,0.9053003323836657,0.8749599147319939,0.9356407500353375,10.777777777777777,9.641336835706955,11.914218719848598,6.211111111111111,5.51728249029634,6.904939731925882,0.9160877448622546,0.8588670994033256,0.9733083903211837,-0.0038070041133323683,-0.011278035374043684,0.0036640271473789474
gppo_periodic,21.0,5,0.7113402324000431,0.6496602991568488,0.7730201656432374,0.0,0.0,0.0,24.21935768614269,22.922233718356367,25.516481653929013,0.9350071225071226,0.866644344578523,1.0033699004357222,11.1,10.67372129675586,11.52627870324414,5.8999999999999995,4.604716944228829,7.19528305577117,0.9432344750765804,0.8929454578909776,0.9935234922621833,-0.0012171936221420764,-0.006926529137241346,0.004492141892957192
gppo_periodic,22.0,5,0.7211429773929774,0.6421822900864397,0.8001036646995151,0.01111111111111111,-0.019733333333333325,0.041955555555555545,23.65833309807363,22.2681089590376,25.04855723710966,0.9368233618233619,0.8352864399904234,1.0383602836563004,10.911111111111111,9.994039847943196,11.828182374279027,5.666666666666666,3.9513993736712707,7.381933959662062,0.9609898589065257,0.9116374883840379,1.0103422294290134,0.00044682851294055583,-0.0056247846035169064,0.006518441629398019
gppo_periodic,23.0,5,0.7389731013910468,0.7027082927667339,0.7752379100153597,0.01111111111111111,-0.019733333333333325,0.041955555555555545,23.188871411129533,22.498553218455697,23.87918960380337,0.9651471984805319,0.9129932651604984,1.0173011318005654,10.71111111111111,10.129139297275797,11.293082924946424,5.355555555555556,4.673481733114569,6.037629377996543,0.9526867694469324,0.9013989101383701,1.0039746287554947,0.0018731780364760198,-0.004902565309138002,0.00864892138209004
gppo_periodic,24.0,5,0.7014501457148516,0.6704670361972622,0.7324332552324411,0.01111111111111111,-0.019733333333333325,0.041955555555555545,25.728467385910495,23.50423824477689,27.9526965270441,0.9154973884140551,0.8818814950271734,0.9491132818009369,11.766666666666667,10.551928012866174,12.981405320467161,5.966666666666667,5.279382120494263,6.653951212839071,0.9296432343981363,0.8919450769580927,0.96734139183818,0.00441801748920625,-0.007224118191919213,0.016060153170331715
gppo_periodic,25.0,5,0.6987635709385496,0.645855372675708,0.7516717692013911,0.01111111111111111,-0.019733333333333325,0.041955555555555545,24.615646239851863,23.030585783715512,26.200706695988213,0.9170762108262108,0.853930281641445,0.9802221400109766,11.266666666666666,10.620771921581683,11.912561411751648,6.144444444444445,5.106905919561015,7.1819829693278745,0.9460966404953369,0.9040063137911808,0.9881869671994931,-0.0021997558767907323,-0.0069286880986784505,0.002529176345096986
gppo_periodic,26.0,5,0.7102921924149544,0.6558017109081778,0.764782673921731,0.02222222222222222,-0.015554352922033901,0.05999879736647834,24.811386056044505,23.54353101630714,26.07924109578187,0.924934710351377,0.8531442084765546,0.9967252122261994,11.366666666666665,10.80507750353391,11.92825582979942,5.8999999999999995,4.777880976362187,7.022119023637812,0.9437209041865906,0.9171672914249344,0.9702745169482468,0.0029329642551601865,-0.004678851547842462,0.010544780058162834
gppo_periodic,27.0,5,0.7432276429090156,0.6994675606943836,0.7869877251236475,0.02222222222222222,-0.015554352922033901,0.05999879736647834,24.825510489920326,20.82546426315684,28.825556716683813,0.9657110636277304,0.9104338548428195,1.0209882724126413,11.5,9.688955633131691,13.311044366868309,5.1,4.2229649206728554,5.977035079327144,0.9583528870485392,0.90235188314939,1.0143538909476884,0.0004248058598022908,-0.008139188671798518,0.008988800391403099
gppo_periodic,28.0,5,0.738987574974361,0.7102716879357497,0.7677034620129722,0.02222222222222222,-0.015554352922033901,0.05999879736647834,23.189617582324086,21.91317089948217,24.466064265166,0.9708689458689459,0.930763027233996,1.0109748645038958,10.588888888888889,9.965098604408322,11.212679173369455,5.155555555555555,4.571543876321757,5.739567234789353,0.9378555866791161,0.8939228945379879,0.9817882788202442,-0.00036839774111285806,-0.011469377457734239,0.010732581975508523
gppo_periodic,29.0,5,0.6899510306245176,0.6377267595011289,0.7421753017479062,0.01111111111111111,-0.019733333333333325,0.041955555555555545,22.990773896813476,21.44919689986675,24.532350893760203,0.9054190408357075,0.8382117157388,0.9726263659326149,10.244444444444445,9.220752694929635,11.268136193959256,6.222222222222223,5.2132740888662665,7.23117035557818,0.8952831567409572,0.8420369556651226,0.9485293578167917,0.013690596349442785,-0.020807197853227016,0.04818839055211259
gppo_periodic,30.0,5,0.716663666618517,0.6831051142346186,0.7502222190024154,0.01111111111111111,-0.019733333333333325,0.041955555555555545,23.957998705994275,23.433135533340785,24.482861878647764,0.9348884140550806,0.8933506629357186,0.9764261651744426,11.122222222222222,10.554734736527822,11.689709707916622,5.677777777777777,4.972053114229208,6.383502441326346,0.9510754486979979,0.9069218633525589,0.9952290340434369,-0.0021821991191245615,-0.007883261679402941,0.0035188634411538176
gppo_periodic,31.0,5,0.7159287297117647,0.641170351378873,0.7906871080446564,0.01111111111111111,-0.019733333333333325,0.041955555555555545,23.94580524863275,22.21682512594708,25.674785371318425,0.9343957739791072,0.8327593170358152,1.0360322309223993,10.755555555555556,9.894669484315976,11.616441626795137,5.711111111111111,4.08379259812232,7.338429624099902,0.9207621754177483,0.8581685952368079,0.9833557555986887,-0.004835319999301646,-0.01073976296727788,0.0010691229686745872
gppo_periodic,32.0,5,0.7669982535810709,0.7132520078448256,0.8207444993173162,0.03333333333333333,-0.02835555555555555,0.09502222222222222,22.523530615577783,20.56139089853707,24.485670332618497,0.99934710351377,0.9297994052762714,1.0688948017512685,10.533333333333335,9.495794808449904,11.570871858216766,4.666666666666667,3.650671080013474,5.68266225331986,0.9727897417933651,0.9515967152191195,0.9939827683676107,-0.00014124852023087442,-0.004848557984882269,0.004566060944420521
gppo_periodic,33.0,5,0.7090974813019616,0.6624969097844814,0.7556980528194418,0.01111111111111111,-0.019733333333333325,0.041955555555555545,22.616600143538918,20.938791938213704,24.29440834886413,0.9319088319088319,0.8724123626474143,0.9914053011702495,10.066666666666666,8.746827158278911,11.386506175054421,5.966666666666666,5.118304254009271,6.815029079324061,0.897784293119971,0.8230959750456591,0.9724726111942829,0.0032015268911588157,-0.010776697285716362,0.017179751068033995
gppo_periodic,34.0,5,0.7636007130124778,0.6920501387306801,0.8351512872942755,0.04444444444444444,-0.013260227253802562,0.10214911614269144,23.035227372415147,21.27021775759916,24.800236987231134,0.9918625356125357,0.8977957224875089,1.0859293487375623,10.422222222222222,9.528797567962275,11.31564687648217,4.7333333333333325,3.2969952830931044,6.169671383573561,0.956062586650822,0.9012267513919626,1.0108984219096815,0.0034332947994471395,-0.00533767600270892,0.0122042656016032
gppo_periodic,35.0,5,0.726484898819724,0.6601712023299258,0.7927985953095222,0.02222222222222222,-0.03946666666666665,0.08391111111111109,23.361313835330115,21.194749004807672,25.52787866585256,0.9484745963912632,0.8641483912998905,1.032800801482636,10.511111111111111,9.25687571784221,11.765346504380013,5.477777777777777,4.174075385017494,6.78148017053806,0.926331141152113,0.82653136829299,1.026130914011236,-0.000306183755553017,-0.0026915792349873416,0.0020792117238813074
gppo_periodic,36.0,5,0.7317727343462638,0.6987330848269379,0.7648123838655897,0.02222222222222222,-0.015554352922033901,0.05999879736647834,23.473346588012344,22.105717524306154,24.840975651718534,0.9543328584995251,0.914675357290144,0.9939903597089061,10.722222222222223,10.005462104284103,11.438982340160344,5.477777777777777,4.816957600523279,6.138597955032275,0.9518421257391845,0.9237527377579348,0.9799315137204342,-0.00030258125661930535,-0.00813316573725199,0.007528003224013379
gppo_periodic,37.0,5,0.7159204280453215,0.6898989489176339,0.7419419071730091,0.02222222222222222,-0.03946666666666665,0.08391111111111109,22.783288037387162,21.748301627918355,23.81827444685597,0.9380994776828111,0.902738287405993,0.9734606679596292,10.4,9.679268881492423,11.120731118507578,5.633333333333333,5.084596883066129,6.182069783600537,0.9294437017231134,0.8721684347942413,0.9867189686519855,-0.0007569346426635093,-0.01046290095133423,0.00894903166600721
gppo_periodic,38.0,5,0.7121292916268127,0.6277851838133189,0.7964733994403065,0.01111111111111111,-0.019733333333333325,0.041955555555555545,23.680872632169628,22.611581121645283,24.750164142693972,0.9395180436847104,0.8320037016464751,1.0470323857229458,10.466666666666665,9.658506904927796,11.274826428405534,5.799999999999999,4.25500427169075,7.3449957283092475,0.9092608661822217,0.8259711781485509,0.9925505542158924,-0.011688086281355935,-0.04617684457022672,0.022800672007514847
gppo_periodic,39.0,5,0.7248653444689249,0.6816115211894695,0.7681191677483803,0.0,0.0,0.0,22.928481514965654,20.70842394850845,25.148539081422857,0.9437737416904083,0.8817019842965592,1.0058454990842574,10.38888888888889,9.18536253933352,11.592415238444259,5.566666666666667,4.707439869834154,6.425893463499181,0.9228438799762329,0.8909456217992763,0.9547421381531894,-0.0016957263927906753,-0.006532635020539822,0.0031411822349584717
gppo_periodic,40.0,5,0.7394711219284962,0.6810814137573552,0.7978608300996372,0.02222222222222222,-0.015554352922033901,0.05999879736647834,23.217222109044013,20.017432889902246,26.41701132818578,0.9692663817663817,0.8990442219905659,1.0394885415421975,10.6,8.939405463600163,12.260594536399836,5.211111111111111,4.204050627927443,6.2181715942947795,0.922733908092974,0.847724540942059,0.997743275243889,0.0006549850203252086,-0.0021558568490338556,0.0034658268896842733
gppo_periodic,41.0,5,0.7242710429023639,0.637676381023292,0.8108657047814357,0.01111111111111111,-0.019733333333333325,0.041955555555555545,23.35226026825551,21.18305249259937,25.52146804391165,0.9419990503323836,0.8264409898030539,1.0575571108617134,10.777777777777777,9.668878174177795,11.886677381377758,5.555555555555555,3.8244154046081453,7.286695706502965,0.9555041309453074,0.9041140017433932,1.0068942601472215,-0.0003049184917472303,-0.006814126345313034,0.006204289361818573
gppo_periodic,42.0,5,0.7304690051983316,0.7034523435664286,0.7574856668302345,0.04444444444444444,-0.013260227253802562,0.10214911614269144,24.03163415541568,22.501058644394607,25.562209666436754,0.9522198480531815,0.9121083418791566,0.9923313542272064,11.066666666666666,10.106764957706735,12.026568375626598,5.366666666666666,4.851462870959462,5.881870462373871,0.9540978626848192,0.9238742255566061,0.9843214998130323,-0.004491101088933647,-0.010278317001718454,0.0012961148238511602
gppo_periodic,43.0,5,0.7591688456234491,0.7394643797493853,0.7788733114975129,0.03333333333333333,-0.004443241810922788,0.07110990847758945,23.53150983824795,22.045075792168152,25.017943884327746,0.9884734093067425,0.9692832028844249,1.0076636157290602,10.955555555555554,10.140363088998813,11.770748022112295,4.8,4.456530802861863,5.1434691971381366,0.9693951418951418,0.9565429159707556,0.9822473678195279,-0.0016227036947384476,-0.010308645168324899,0.007063237778848004
gppo_periodic,44.0,5,0.7200729476390176,0.648603078110708,0.7915428171673272,0.01111111111111111,-0.019733333333333325,0.041955555555555545,23.910598034598742,23.1588558816225,24.662340187574983,0.9438746438746438,0.8568108375726712,1.0309384501766166,10.78888888888889,10.177032751517118,11.400745026260662,5.6,4.095720523733688,7.104279476266312,0.9273933782267114,0.871516431245406,0.9832703252080168,-0.0007683354080654681,-0.004625620100338007,0.0030889492842070708
gppo_periodic,45.0,5,0.7416551844716807,0.6695296609499893,0.813780707993372,0.01111111111111111,-0.019733333333333325,0.041955555555555545,22.40008357447552,20.940846956215932,23.859320192735108,0.9731718898385564,0.8793403483993931,1.0670034312777197,10.166666666666668,9.412710830778957,10.920622502554378,5.1,3.6963235883431054,6.503676411656894,0.9304475308641974,0.8542463686470539,1.0066486930813408,0.004277176284813322,-0.00579613124997076,0.014350483819597405
gppo_periodic,46.0,5,0.7243017712135359,0.6380310163077149,0.8105725261193569,0.02222222222222222,-0.015554352922033901,0.05999879736647834,24.29694026398106,21.751039790921464,26.842840737040657,0.951851851851852,0.8484019522711749,1.0553017514325291,11.122222222222222,9.878460396743357,12.365984047701087,5.488888888888889,3.6321916773574445,7.345586100420333,0.9374997867687552,0.8779322480330816,0.9970673255044289,-0.002478922752197832,-0.007885583036388838,0.0029277375319931736
gppo_periodic,47.0,5,0.7603163167623953,0.7317124087674026,0.788920224757388,0.0,0.0,0.0,23.53122190969567,22.725681311843335,24.336762507548006,1.0033713200379866,0.9627958918297027,1.0439467482462705,10.966666666666665,10.307648565789345,11.625684767543985,4.822222222222223,4.151045410132875,5.493399034311571,0.9617135719021908,0.9156689989569416,1.00775814484744,0.0001290414496907033,-0.008651886760972848,0.008909969660354254
gppo_periodic,48.0,5,0.7557179326861765,0.7337963922233425,0.7776394731490105,0.02222222222222222,-0.015554352922033901,0.05999879736647834,22.931939478924146,21.82466934831295,24.039209609535344,0.9973765432098766,0.9683273500657587,1.0264257363539946,10.6,10.011929816903702,11.188070183096297,4.9222222222222225,4.447879190645982,5.396565253798463,0.9604693055673448,0.9215846991366218,0.9993539119980678,0.00042779724899446594,-0.004008568223384245,0.004864162721373177
gppo_periodic,49.0,5,0.7566208813537975,0.7124862308416641,0.8007555318659308,0.03333333333333333,-0.004443241810922788,0.07110990847758945,22.882534183711392,21.4195925930276,24.345475774395187,0.98392094017094,0.9235603032406726,1.0442815771012073,10.5,9.565713682291777,11.434286317708223,4.944444444444445,4.063890926045119,5.824997962843771,0.9458357014303307,0.8920278387320217,0.9996435641286396,-0.010190105345100165,-0.026222299078835047,0.005842088388634717
gppo_periodic,50.0,5,0.7610315927717889,0.7282012080114698,0.793861977532108,0.02222222222222222,-0.015554352922033901,0.05999879736647834,21.87163313408599,20.44063556353748,23.3026307046345,0.9933760683760683,0.957162843950716,1.0295892928014205,9.955555555555556,9.293297247813902,10.61781386329721,4.777777777777777,4.079506968236958,5.476048587318596,0.9393592672759338,0.9232405994462537,0.9554779351056139,0.0006771618966013194,-0.009279210558350905,0.010633534351553545
gppo_periodic,51.0,5,0.7362715368682974,0.6791914677160705,0.7933516060205242,0.01111111111111111,-0.019733333333333325,0.041955555555555545,22.672064661882867,21.650537617562595,23.69359170620314,0.9598528015194681,0.8915604773358661,1.02814512570307,10.333333333333332,9.97165016252028,10.695016504146384,5.311111111111112,4.222123111993481,6.400099110228743,0.9418681681426779,0.9056649599720312,0.9780713763133246,-0.0012187281914521008,-0.0072630520880104694,0.004825595705106269
gppo_periodic,52.0,5,0.7446399323892929,0.6864161678792706,0.8028636968993152,0.0,0.0,0.0,23.358576967140543,22.218193264257355,24.49896067002373,0.9706255935422602,0.8822882413526856,1.0589629457318348,10.933333333333334,10.325376892398562,11.541289774268105,5.133333333333333,3.8751219404681265,6.391544726198539,0.9615716342165618,0.9195081671201384,1.0036351013129852,-0.0013636935618706048,-0.00869605713289524,0.005968670009154031
gppo_periodic,53.0,5,0.7136069730922673,0.6473445634171793,0.7798693827673553,0.02222222222222222,-0.015554352922033901,0.05999879736647834,24.39037968855311,21.760530702431492,27.02022867467473,0.9357371794871794,0.8473305749447735,1.0241437840295853,10.833333333333332,9.880145175518972,11.786521491147692,5.7444444444444445,4.287391281717585,7.201497607171304,0.913354109540171,0.8510449687143289,0.9756632503660132,-0.0007313009104109369,-0.007307537642702798,0.005844935821880925
gppo_periodic,54.0,5,0.7676814008431655,0.7470775270740316,0.7882852746122994,0.0,0.0,0.0,22.548926016432876,21.62179049344207,23.476061539423682,1.0050510446343779,0.9753865821122596,1.0347155071564962,10.4,9.493624571830127,11.306375428169874,4.688888888888889,4.088411640011171,5.289366137766607,0.9550438205585264,0.8873714511153403,1.0227161900017125,-0.0013240923057310284,-0.013635156793508097,0.01098697218204604
gppo_periodic,55.0,5,0.7429993240429258,0.720200643816426,0.7657980042694256,0.02222222222222222,-0.015554352922033901,0.05999879736647834,23.455215096901032,22.76834747378538,24.142082720016685,0.9696996676163343,0.9407080725597579,0.9986912626729108,10.677777777777777,10.095805963942464,11.25974959161309,5.188888888888888,4.598396992664924,5.779380785112853,0.9414185176994774,0.9051457352913399,0.9776913001076148,-0.0003986332449130714,-0.009063395555656602,0.00826612906583046
gppo_periodic,56.0,5,0.7728155827548411,0.7265296994222686,0.8191014660874135,0.01111111111111111,-0.019733333333333325,0.041955555555555545,23.70216923388773,20.20695673117194,27.19738173660352,1.0136633428300095,0.9556532919137487,1.0716733937462701,11.022222222222222,9.643161626592084,12.40128281785236,4.544444444444444,3.7176637282974165,5.371225160591472,0.9757591102995373,0.935647132667883,1.0158710879311916,-0.0021689026820240543,-0.0069173824191231265,0.0025795770550750175
gppo_periodic,57.0,5,0.7315464862566312,0.7104191179842815,0.752673854528981,0.01111111111111111,-0.019733333333333325,0.041955555555555545,23.94376347717203,21.73042562058151,26.15710133376255,0.9586538461538462,0.9264379203987307,0.9908697719089616,10.777777777777777,9.799955374755708,11.755600180799846,5.433333333333333,4.980014431602259,5.886652235064406,0.9224016962955581,0.8919705834624457,0.9528328091286705,0.0019618268619524316,-0.01190196886102347,0.015825622584928332
gppo_periodic,58.0,5,0.7543031505261729,0.7098950406849898,0.7987112603673561,0.01111111111111111,-0.019733333333333325,0.041955555555555545,22.285879004339463,21.439570174493337,23.13218783418559,0.9959223646723647,0.9338593552785194,1.0579853740662102,10.177777777777779,9.235380303510063,11.120175252045495,4.977777777777778,4.09237565639834,5.863179899157216,0.9504443241943242,0.8803677153296692,1.0205209330589793,-0.0006123116996604949,-0.014228979828344637,0.013004356429023646
gppo_periodic,59.0,5,0.7690807114091427,0.6994661740425485,0.8386952487757369,0.03333333333333333,-0.02835555555555555,0.09502222222222222,21.876047478759922,19.445686432214323,24.30640852530552,1.0011396011396012,0.9152574820879471,1.0870217201912553,10.2,8.784344162631134,11.615655837368864,4.622222222222222,3.33430506669312,5.910139377751324,0.957943899782135,0.9119870944063206,1.0039007051579494,-0.006574780198570806,-0.029102839783187402,0.015953279386045793
gppo_periodic,60.0,5,0.7508508080439027,0.7123459703459601,0.7893556457418452,0.03333333333333333,-0.02835555555555555,0.09502222222222222,23.07642214966515,21.545796479434806,24.60704781989549,0.9793209876543211,0.9213711354393231,1.037270839869319,10.666666666666666,9.709742943298037,11.623590390035295,5.022222222222222,4.173859809564827,5.870584634879617,0.9583745242736471,0.9183356042737888,0.9984134442735054,0.0019096618372714147,-0.004976752764438176,0.008796076438981006
gppo_periodic,61.0,5,0.7382811622788403,0.6490850375880252,0.8274772869696555,0.02222222222222222,-0.015554352922033901,0.05999879736647834,22.118729498819956,21.24452774001825,22.992931257621663,0.9633190883190883,0.8502242905176647,1.076413886120512,10.044444444444443,9.2395285408546,10.849360348034285,5.255555555555555,3.409650198913722,7.101460912197387,0.925918710918711,0.8383330238537321,1.01350439798369,0.005172117712209001,-0.013983180314124172,0.024327415738542173
gppo_periodic,62.0,5,0.7498347889764971,0.709032967351827,0.7906366106011673,0.03333333333333333,-0.004443241810922788,0.07110990847758945,23.388346209410233,21.096261041327075,25.68043137749339,0.9886158594491926,0.9345271549931241,1.0427045639052612,10.51111111111111,9.57631578420266,11.44590643801956,4.999999999999999,4.281582631021922,5.718417368978076,0.9330715537800385,0.8853622610069768,0.9807808465531002,0.00026691905804909766,-0.009268992886236031,0.009802831002334226
gppo_periodic,63.0,5,0.7543430417109019,0.6973593050055897,0.8113267784162141,0.02222222222222222,-0.015554352922033901,0.05999879736647834,23.816498099530623,22.063751279999657,25.56924491906159,0.9793744064577398,0.8996240776478408,1.0591247352676387,11.088888888888889,10.232157029141527,11.94562074863625,4.944444444444445,3.813247835582292,6.075641053306597,0.9722418630751963,0.9543928737269303,0.9900908524234624,4.801724862772972e-05,-0.005342928110558908,0.005438962607814367
gppo_periodic,64.0,5,0.7302805718246895,0.6930139751091356,0.7675471685402434,0.01111111111111111,-0.019733333333333325,0.041955555555555545,23.066214246789134,21.471157526331037,24.66127096724723,0.9590633903133904,0.9160180897439053,1.0021086908828756,10.6,9.766058395625825,11.433941604374175,5.38888888888889,4.620868415910741,6.156909361867039,0.9459424780013016,0.9143427783627732,0.97754217763983,-0.0015405031634145416,-0.005788519042898099,0.0027075127160690153
gppo_periodic,65.0,5,0.749854691107888,0.6890651957200747,0.8106441864957014,0.05555555555555556,0.006786206752069895,0.10432490435904122,21.867403763828925,20.9793389966258,22.75546853103205,0.9757894112060777,0.8912822788221394,1.060296543590016,9.722222222222223,8.965118331574072,10.479326112870375,5.022222222222222,3.655287755957753,6.3891566884866915,0.9127568990559187,0.8556024135292271,0.9699113845826104,-0.0062264710199087855,-0.018798248832474877,0.006345306792657308
gppo_periodic,66.0,5,0.7646796041648983,0.696250175280736,0.8331090330490607,0.02222222222222222,-0.015554352922033901,0.05999879736647834,22.64491593103106,21.15131734601559,24.138514516046534,0.9948421177587843,0.8978760973451831,1.0918081381723854,10.51111111111111,10.015196132336683,11.007026089885535,4.677777777777777,3.159334880726677,6.1962206748288775,0.9577492360580596,0.8772441243788487,1.0382543477372705,0.0030284163862233982,-0.004005432628561803,0.0100622654010086
gppo_periodic,67.0,5,0.7323284239267213,0.675678034001225,0.7889788138522176,0.01111111111111111,-0.019733333333333325,0.041955555555555545,23.48685098230857,21.57167416580408,25.402027798813062,0.9568198005698004,0.8890713687880728,1.024568232351528,10.766666666666667,9.961750763076825,11.57158257025651,5.4,4.2600066918108475,6.539993308189153,0.9451563251563254,0.9095347289114413,0.9807779214012096,-0.0011900959943886846,-0.00629847581976559,0.003918283830988221
gppo_periodic,68.0,5,0.7559409038831459,0.7034332480189247,0.8084485597473672,0.01111111111111111,-0.019733333333333325,0.041955555555555545,22.992638383069956,21.49282644863478,24.49245031750513,0.9897673314339981,0.9191322980536663,1.06040236481433,10.622222222222224,9.888409616547646,11.356034827896801,4.877777777777778,3.7792218088849214,5.976333746670635,0.9552301451981758,0.9107242866999278,0.9997360036964239,0.003034076641779393,-0.004212420574137055,0.010280573857695841
gppo_periodic,69.0,5,0.7401783938617631,0.6956211323093904,0.7847356554141358,0.0,0.0,0.0,23.158794160007155,21.458433365983808,24.8591549540305,0.9682632953466287,0.9140033429206923,1.0225232477725652,10.644444444444446,9.810217683076342,11.47867120581255,5.188888888888889,4.280940346266906,6.096837431510872,0.9475779367753387,0.9123449910687551,0.9828108824819224,0.003251766713219695,-0.004787606419611869,0.011291139846051259
gppo_periodic,70.0,5,0.7601851621193053,0.7317116622934952,0.7886586619451155,0.02222222222222222,-0.015554352922033901,0.05999879736647834,22.89409781006102,22.426008466142914,23.362187153979125,0.9863366571699904,0.946421081629838,1.0262522327101429,10.6,10.187906217074406,11.012093782925593,4.7555555555555555,4.193966392422801,5.3171447186883105,0.9611331569664904,0.9334179413650249,0.9888483725679559,-0.0037252300418913363,-0.014655106430627382,0.007204646346844709
gppo_periodic,71.0,5,0.7315238160847709,0.6988701224362566,0.7641775097332852,0.0,0.0,0.0,23.388976858850917,22.252531314511,24.525422403190834,0.9574192782526115,0.9213988690341623,0.9934396874710607,10.622222222222224,10.272576260896193,10.971868183548255,5.344444444444444,4.791820792452656,5.897068096436232,0.9374607300832791,0.9082432146257533,0.966678245540805,-0.00267878527170069,-0.007488086099529795,0.0021305155561284145
gppo_periodic,72.0,5,0.7189561290580382,0.6608453042875189,0.7770669538285575,0.01111111111111111,-0.019733333333333325,0.041955555555555545,22.48572355036324,21.64848496097398,23.322962139752498,0.9490562678062677,0.8727923570586313,1.0253201785539041,9.88888888888889,9.301628162725606,10.476149615052172,5.522222222222223,4.343052383252534,6.701392061191912,0.8983293405081332,0.832286253810194,0.9643724272060723,0.0025811024398232504,-0.005073825879811674,0.010236030759458175
gppo_periodic,73.0,5,0.7673455375416159,0.7306905845085728,0.804000490574659,0.02222222222222222,-0.015554352922033901,0.05999879736647834,21.573470521848563,20.337223979298038,22.809717064399088,1.0114909781576447,0.9692212094027032,1.053760746912586,9.811111111111112,9.005899771319879,10.616322450902345,4.5888888888888895,3.879466666666667,5.298311111111111,0.9436361396410418,0.9014847918821582,0.9857874873999253,-0.001195961341727525,-0.021852419359455106,0.01946049667600006
gppo_periodic,74.0,5,0.7492266570814042,0.7124310022325706,0.7860223119302379,0.02222222222222222,-0.015554352922033901,0.05999879736647834,23.283885159458702,21.881606000056706,24.686164318860698,0.9891856600189934,0.9445055064639986,1.0338658135739882,10.822222222222221,9.98970786791747,11.654736576526972,5.033333333333333,4.34778129444446,5.718885372222206,0.9639230019493177,0.9351843240609508,0.9926616798376846,0.003066218731692061,-0.00891321952858034,0.015045656991964463
gppo_periodic,75.0,5,0.7421088805892727,0.7089900022096722,0.7752277589688732,0.02222222222222222,-0.015554352922033901,0.05999879736647834,22.960872765172564,21.02443287755041,24.897312652794717,0.9645239791073126,0.9217964027021001,1.007251555512525,10.344444444444445,9.256767689630331,11.432121199258559,5.233333333333333,4.629301765194183,5.837364901472484,0.9287163346604388,0.8765639472125832,0.9808687221082943,0.00022139045322546735,-0.010300099232385175,0.01074288013883611
gppo_periodic,76.0,5,0.7627689927530081,0.7166759475318032,0.8088620379742131,0.02222222222222222,-0.015554352922033901,0.05999879736647834,22.52741957378312,21.401377766646107,23.653461380920135,1.0001602564102563,0.9403391366561967,1.0599813761643158,10.366666666666665,9.339495723652387,11.393837609680944,4.822222222222223,3.883618124980993,5.760826319463453,0.9477336296837576,0.8860849106821977,1.0093823486853175,-0.004663506377255544,-0.021113275864916348,0.01178626311040526
gppo_periodic,77.0,5,0.748192930702241,0.6474037963328291,0.848982065071653,0.01111111111111111,-0.019733333333333325,0.041955555555555545,22.658051529649864,21.320598524542152,23.995504534757575,0.9728157644824311,0.8337045083106583,1.1119270206542038,10.2,9.664424612630905,10.735575387369094,5.066666666666666,2.9552298281694873,7.178103505163845,0.9346371511567589,0.8418982529716964,1.0273760493418214,-0.002390241305693053,-0.025124306732162593,0.02034382412077649
gppo_periodic,78.0,5,0.7409172044604696,0.635304338137894,0.8465300707830452,0.0,0.0,0.0,22.549837117668098,20.27007052136638,24.829603713969814,0.9706552706552707,0.8382167096931712,1.1030938316173702,10.411111111111111,9.4180828566923,11.404139365529923,5.21111111111111,3.083962290346797,7.338259931875424,0.9451588356412917,0.8887521913455368,1.0015654799370466,0.003578531532548368,-0.004604517059516006,0.011761580124612741
gppo_periodic,79.0,5,0.751068115798508,0.711793434547964,0.790342797049052,0.03333333333333333,-0.02835555555555555,0.09502222222222222,22.126919004107613,19.782277176598207,24.47156083161702,0.9750830959164294,0.9359288635740833,1.0142373282587756,10.0,8.894322387530593,11.105677612469407,5.033333333333333,4.3073413339215785,5.759325332745088,0.935511582249647,0.8886152261187175,0.9824079383805766,-0.0025216579670086503,-0.012233761749445711,0.007190445815428411
gppo_periodic,80.0,5,0.7575559783275043,0.6929736617929635,0.8221382948620451,0.0,0.0,0.0,22.164679186107,21.14911567970658,23.180242692507424,0.9936134852801519,0.9117859683003529,1.075441002259951,10.188888888888888,9.494717552014286,10.88306022576349,4.855555555555555,3.556422120540003,6.154688990571108,0.9353919725785051,0.8787708669992174,0.9920130781577929,0.005271968839224428,-0.007164826779745942,0.017708764458194796
gppo_periodic,81.0,5,0.7439643990527354,0.708968752509853,0.7789600455956177,0.02222222222222222,-0.015554352922033901,0.05999879736647834,23.395864018480435,21.988293971645632,24.803434065315237,0.9757181861348527,0.9297175388065313,1.0217188334631742,10.744444444444444,9.904534873768183,11.584354015120704,5.211111111111111,4.427152361881391,5.9950698603408314,0.954801700580686,0.9096202852449684,0.9999831159164037,0.0007466476588888326,-0.007347501509700752,0.008840796827478417
gppo_periodic,82.0,5,0.7456265984654731,0.7039318098141836,0.7873213871167626,0.0,0.0,0.0,22.391119390413184,20.798831356414343,23.983407424412025,0.9817070275403609,0.9243123455798802,1.0391017095008417,10.41111111111111,9.651498170037227,11.170724052184992,5.0888888888888895,4.232157029141528,5.945620748636251,0.9491725377019495,0.892176461165501,1.006168614238398,0.003999052528524771,-0.0017706791281355723,0.009768784185185115
gppo_periodic,83.0,5,0.7685436681780403,0.7333034425979985,0.8037838937580821,0.0,0.0,0.0,22.861722961719313,21.542866670619304,24.18057925281932,1.0068732193732193,0.9586858336838655,1.055060605062573,10.733333333333333,9.842841882393161,11.623824784273504,4.677777777777777,3.912238799082875,5.443316756472679,0.972062324929972,0.9323264641072703,1.0117981857526739,0.004235147489816881,-0.006632527654667453,0.015102822634301216
gppo_periodic,84.0,5,0.7720773394418906,0.7482596792621258,0.7958949996216554,0.0,0.0,0.0,22.573885336202256,20.905659408136533,24.24211126426798,1.0071818613485282,0.9721388382791747,1.0422248844178816,10.644444444444442,9.771214307482389,11.517674581406496,4.6000000000000005,4.056052297357664,5.143947702642337,0.976574074074074,0.9548883426115115,0.9982598055366366,0.0035056485794484615,-0.0032233320330306327,0.010234629191927556
gppo_periodic,85.0,5,0.7517977464737908,0.7099068380738037,0.7936886548737779,0.01111111111111111,-0.019733333333333325,0.041955555555555545,23.110679115481144,21.903245170467407,24.31811306049488,0.9869361348528015,0.9309048458266934,1.0429674238789097,10.677777777777777,10.046784571263897,11.308770984291657,4.822222222222222,3.97554362679736,5.668900817647084,0.9494702156957061,0.9127640250904276,0.9861764063009846,0.002167018176987767,-0.004306118827536775,0.008640155181512309
gppo_periodic,86.0,5,0.7725115974974076,0.7237650925842378,0.8212581024105774,0.03333333333333333,-0.004443241810922788,0.07110990847758945,22.619011175031925,19.587613482984157,25.650408867079694,1.0163402184235517,0.9495856252415924,1.083094811605511,10.466666666666667,8.798070595891176,12.135262737442158,4.533333333333333,3.5403050789145203,5.526361587752146,0.9530535513868849,0.9057255743502076,1.0003815284235622,0.0011817353311926126,-0.030484685744305955,0.03284815640669118
gppo_periodic,87.0,5,0.7622974889938254,0.7217686892008955,0.8028262887867553,0.03333333333333333,-0.02835555555555555,0.09502222222222222,22.547565033403338,21.85093160292521,23.244198463881464,1.0024988129154795,0.9579245947955775,1.0470730310353815,10.233333333333333,9.94316595379499,10.523500712871675,4.7444444444444445,3.8932830719801457,5.595605816908743,0.9405861291230003,0.9350215996330083,0.9461506586129923,0.0010763252033939353,-0.003537599573040067,0.005690249979827937
gppo_periodic,88.0,5,0.7640095987890106,0.7208728411646046,0.8071463564134167,0.02222222222222222,-0.015554352922033901,0.05999879736647834,22.22611477074355,20.970170045889965,23.482059495597134,0.9954475308641975,0.9396091208054881,1.0512859409229067,10.133333333333333,9.738331713708586,10.52833495295808,4.81111111111111,3.869723709453323,5.752498512768897,0.9473131289552859,0.8956752804328064,0.9989509774777653,-0.0021616828395053743,-0.014459880799151819,0.01013651512014107
gppo_periodic,89.0,5,0.7538713601690898,0.6924588301606549,0.8152838901775248,0.02222222222222222,-0.015554352922033901,0.05999879736647834,23.295175418710347,20.162886928524173,26.42746390889652,0.9804309116809116,0.9000620941917066,1.0607997291701166,10.433333333333332,9.018685917679068,11.847980748987595,4.977777777777778,3.826160056568839,6.1293954989867165,0.919714405964406,0.864164036403454,0.9752647755253581,0.0017944568244274706,-0.012369878819223174,0.015958792468078117
gppo_periodic,90.0,5,0.7248249437845391,0.6820121760130026,0.7676377115560756,0.02222222222222222,-0.015554352922033901,0.05999879736647834,23.58881974508928,20.62646222788698,26.551177262291578,0.957110636277303,0.8992404450646552,1.0149808274899508,10.811111111111112,9.51656275934447,12.105659462877753,5.477777777777778,4.605910573029228,6.3496449825263275,0.9350483848510166,0.8696213590394374,1.000475410662596,-0.003428652201546356,-0.013609064249696188,0.006751759846603475
gppo_periodic,91.0,5,0.7337858495030278,0.663739620496248,0.8038320785098076,0.01111111111111111,-0.019733333333333325,0.041955555555555545,23.398672616579,21.145372896896244,25.651972336261753,0.9575439221272555,0.8664306880852138,1.048657156169297,10.58888888888889,9.684878265112136,11.492899512665645,5.322222222222223,4.033382026973452,6.611062417470993,0.9312949144747391,0.8666312331373297,0.9959585958121485,0.0023258900095243008,-0.006179986887356785,0.010831766906405386
gppo_periodic,92.0,5,0.7540347452112158,0.7276982485995345,0.7803712418228972,0.01111111111111111,-0.019733333333333325,0.041955555555555545,22.537395887193856,21.33231357591454,23.742478198473172,0.9877018043684711,0.9496992221705015,1.0257043865664408,10.344444444444445,9.357663223867183,11.331225665021707,4.911111111111111,4.431780108180599,5.390442114041623,0.9455319535221497,0.8830294649315845,1.0080344421127148,-0.0019316792022436857,-0.012932432513738198,0.009069074109250827
gppo_periodic,93.0,5,0.7316926649887007,0.6714743474934974,0.7919109824839039,0.04444444444444444,-0.013260227253802562,0.10214911614269144,23.36973390512899,21.483378370784827,25.25608943947315,0.9520477207977208,0.8589632324323051,1.0451322091631365,10.522222222222222,9.700925537133166,11.343518907311278,5.411111111111111,4.0191754562906405,6.803046765931582,0.9208755549003227,0.8655356212478044,0.976215488552841,-0.0038209579981412388,-0.011223342860110754,0.003581426863828276
gppo_periodic,94.0,5,0.7634704184704185,0.6982245846749261,0.828716252265911,0.01111111111111111,-0.019733333333333325,0.041955555555555545,23.044200068265326,20.77556549256346,25.312834643967193,0.9941714150047483,0.9135163605694485,1.074826469440048,10.533333333333335,9.477614914084745,11.589051752581925,4.766666666666667,3.4522445002357522,6.081088833097581,0.9456451654735968,0.8957276061706501,0.9955627247765435,-0.0025872373415040785,-0.01115659301943506,0.005982118336426903
gppo_periodic,95.0,5,0.76982967385461,0.7110386542515235,0.8286206934576965,0.01111111111111111,-0.019733333333333325,0.041955555555555545,22.42521617799474,21.29580973088107,23.55462262510841,1.0068732193732193,0.9251181641417519,1.0886282746046867,10.3,9.751263549732796,10.848736450267205,4.5777777777777775,3.273163513609397,5.882392041946158,0.9531017657392338,0.9098435946704192,0.9963599368080484,0.00027355979837011545,-0.013203087474011483,0.013750207070751716
gppo_periodic,96.0,5,0.782877078953379,0.7289932037752428,0.8367609541315152,0.04444444444444444,-0.031108705844067802,0.11999759473295668,21.677058415399898,20.53566576094189,22.818451069857907,1.0183285849952517,0.9492537421819643,1.087403427808539,9.866666666666665,9.193366991673665,10.539966341659666,4.322222222222222,3.339063115497475,5.305381328946969,0.9470764320220841,0.9221012632085109,0.9720516008356573,0.005004361784085631,-0.003611302408292042,0.013620025976463303
gppo_periodic,97.0,5,0.772659719941263,0.7391936333429994,0.8061258065395267,0.03333333333333333,-0.004443241810922788,0.07110990847758945,22.122837165631683,21.51531558475484,22.730358746508525,1.0145773979107313,0.9792883722507821,1.0498664235706805,10.177777777777777,9.429521815762532,10.926033739793022,4.622222222222223,4.056834216480116,5.1876102279643295,0.9623463920043204,0.909207256416892,1.0154855275917487,-0.007607126572111156,-0.01786754231363817,0.002653289169415861
gppo_periodic,98.0,5,0.7531127620130178,0.7242828873261651,0.7819426366998705,0.03333333333333333,-0.02835555555555555,0.09502222222222222,22.885990414184477,19.811313689371165,25.96066713899779,0.9830543684710353,0.9375247466035337,1.028583990338537,10.5,8.8211722784876,12.1788277215124,4.977777777777778,4.393358979861399,5.5621965756941565,0.9483757981307003,0.9053874197623365,0.991364176499064,-0.004452028649393469,-0.010933491471305823,0.0020294341725188847
gppo_periodic,99.0,5,0.7485216426637995,0.6919946758749316,0.8050486094526674,0.05555555555555556,-0.01341471895043795,0.12452583006154908,21.702909705949658,20.370081539704646,23.03573787219467,0.9818138651471985,0.918502077540049,1.045125652754348,9.855555555555556,9.214836925065706,10.496274186045406,4.933333333333333,3.892590402111175,5.974076264555491,0.9320989658489658,0.8766505551748041,0.9875473765231275,0.01186872948310338,-0.025382697779273634,0.04912015674548039
gppo_periodic,100.0,5,0.7349964868102123,0.6793022702454479,0.7906907033749768,0.03333333333333333,-0.02835555555555555,0.09502222222222222,22.216875921768228,20.465307276993197,23.96844456654326,0.9574014719848053,0.8917991122273123,1.0230038317422983,9.9,8.775763369225452,11.02423663077455,5.155555555555556,4.225862861339337,6.085248249771775,0.9093420411642918,0.8175689268797779,1.0011151554488058,0.0010438948792094987,-0.0054866764213415496,0.007574466179760547
ppo_event,1.0,5,0.7045419767233492,0.6544879915907227,0.7545959618559757,0.02222222222222222,-0.015554352922033901,0.05999879736647834,23.146445529909077,22.824803189549893,23.46808787026826,0.9173017568850902,0.8507705191627466,0.9838329946074338,23.866666666666667,22.28590769658885,25.447425636744484,6.0,5.046811842185641,6.953188157814359,0.9200637325637328,0.8588884208478261,0.9812390442796394,0.002963790608919226,-0.003911273091326595,0.009838854309165047
ppo_event,2.0,5,0.690515081141287,0.6444276105882928,0.7366025516942812,0.0,0.0,0.0,24.368433475651408,23.298154130079123,25.438712821223692,0.8997032288698955,0.8409204448967266,0.9584860128430644,23.955555555555556,22.331162824352543,25.57994828675857,6.2444444444444445,5.2610434484045046,7.227845440484384,0.9112909930053892,0.8633159247078955,0.9592660613028828,-0.0007342952128965407,-0.003946876259704504,0.0024782858339114228
ppo_event,3.0,5,0.6849800692723136,0.6239884253267436,0.7459717132178836,0.01111111111111111,-0.019733333333333325,0.041955555555555545,23.65369247125846,21.937781777234168,25.36960316528275,0.8955484330484331,0.8206921273669489,0.9704047387299174,23.32222222222222,21.81557292963147,24.828871514812967,6.4,5.194104501794375,7.6058954982056255,0.9013447971781305,0.8293754292394104,0.9733141651168506,-0.007289519452024251,-0.029598927556389626,0.015019888652341122
ppo_event,4.0,5,0.7104552415315417,0.6539915437484557,0.7669189393146277,0.02222222222222222,-0.03946666666666665,0.08391111111111109,22.624856900282698,22.164938497248606,23.08477530331679,0.9261217948717949,0.8593558103219348,0.9928877794216551,23.266666666666666,22.282298707761807,24.251034625571524,5.911111111111111,4.644421743673204,7.177800478549019,0.9154214413037941,0.8711443657497785,0.9596985168578097,0.0013477734551997854,-0.004701128778164759,0.007396675688564329
ppo_event,5.0,5,0.7170727471196354,0.6971351786927673,0.7370103155465035,0.05555555555555556,0.006786206752069895,0.10432490435904122,22.958552443536256,21.266435914235327,24.650668972837185,0.9328703703703705,0.9037617134940206,0.9619790272467204,24.122222222222224,22.42269613228704,25.821748312157407,5.811111111111112,5.362539134971521,6.2596830872507025,0.9328249936338171,0.8843774061133272,0.981272581154307,0.0016860433155670763,-0.013911723999982825,0.01728381063111698
ppo_event,6.0,5,0.7148542746001467,0.6490954983795822,0.7806130508207112,0.04444444444444444,-0.013260227253802548,0.10214911614269143,23.126637055176527,22.246326416555526,24.006947693797528,0.9356896961063628,0.8640495169322314,1.0073298752804942,23.866666666666667,22.301786005260038,25.431547328073297,5.7444444444444445,4.327109498624658,7.161779390264231,0.9287099755727206,0.8562797479183625,1.0011402032270789,-0.00479029527050443,-0.015309034065373385,0.0057284435243645255
ppo_event,7.0,5,0.7112813233569166,0.6193462730127501,0.8032163737010831,0.02222222222222222,-0.03946666666666665,0.08391111111111109,22.775370853837174,20.91403575473714,24.63670595293721,0.9304902659069325,0.7947926681940239,1.066187863619841,23.522222222222222,20.45416888548946,26.590275558954986,5.822222222222223,3.8439652585491553,7.80047918589529,0.9251477072310406,0.824533654068851,1.02576176039323,0.002007682101490597,-0.0013370339703344153,0.00535239817331561
ppo_event,8.0,5,0.6914336761640684,0.6551870122082273,0.7276803401199095,0.02222222222222222,-0.015554352922033901,0.05999879736647834,23.457359030125247,22.06757838426878,24.847139675981712,0.898611111111111,0.8532175498233663,0.9440046723988558,23.055555555555554,21.81026482743988,24.300846283671227,6.2555555555555555,5.576977777777778,6.9341333333333335,0.8884642014469379,0.8420999432328993,0.9348284596609766,-0.0076880171545781195,-0.018544503886883314,0.003168469577727073
ppo_event,9.0,5,0.7384992421064458,0.7150811325513721,0.7619173516615195,0.01111111111111111,-0.019733333333333325,0.041955555555555545,24.10388747023574,22.556580094527714,25.651194845943767,0.9642509496676164,0.9431790244897225,0.9853228748455103,25.144444444444446,24.268494804987817,26.020394083901074,5.288888888888889,4.682891706806862,5.894886070970916,0.9735148402795462,0.9620554225096141,0.9849742580494782,-0.0010466191335581243,-0.005741594392426985,0.0036483561253107368
ppo_event,10.0,5,0.7369990521461108,0.6809299951022341,0.7930681091899876,0.03333333333333333,-0.004443241810922788,0.07110990847758945,22.54361470007565,21.489302689100306,23.597926711050995,0.9594373219373219,0.8943426964574253,1.0245319474172185,23.177777777777777,21.95231748048255,24.403238075073006,5.288888888888889,4.213306358464986,6.364471419312792,0.9284742028124381,0.8914004720139254,0.9655479336109508,0.0052677758096251635,-0.01981998751288283,0.03035553913213316
ppo_event,11.0,5,0.7429565378339887,0.7190973934507768,0.7668156822172006,0.01111111111111111,-0.019733333333333325,0.041955555555555545,23.379980784877677,22.07275709168801,24.687204478067343,0.9721866096866096,0.9375172334649641,1.006855985908255,24.866666666666667,24.019707202567492,25.713626130765842,5.177777777777778,4.701433289921446,5.65412226563411,0.9574148346207171,0.9270808929946339,0.9877487762468002,0.0017742960881150793,-0.0066684613850308775,0.010217053561261036
ppo_event,12.0,5,0.7241926928296223,0.6873849828540384,0.7610004028052062,0.02222222222222222,-0.015554352922033901,0.05999879736647834,23.5910049702198,22.907394023531513,24.274615916908086,0.9530151946818615,0.9119074592371248,0.9941229301265981,25.03333333333333,23.231769560480892,26.83489710618577,5.5,4.8438755161773,6.1561244838227,0.943176434227776,0.8674546766167499,1.018898191838802,0.0007726560288574547,-0.0012234021923509582,0.0027687142500658676
ppo_event,13.0,5,0.7172241320770733,0.6720814735810086,0.7623667905731379,0.02222222222222222,-0.015554352922033901,0.05999879736647834,22.302174474373683,21.650285281643665,22.9540636671037,0.9398266856600189,0.8823482178741592,0.9973051534458787,23.7,22.269303128274395,25.130696871725604,5.633333333333334,4.704664530060154,6.562002136606513,0.9281015217534826,0.871598964377634,0.9846040791293312,3.3379907836206255e-05,-0.022453046195961016,0.022519806011633427
ppo_event,14.0,5,0.7194222540428848,0.6552323480503626,0.7836121600354071,0.0,0.0,0.0,22.666581741493566,21.217640223255295,24.115523259731837,0.942349240265907,0.8619651051830418,1.0227333753487724,24.133333333333333,22.76988328381525,25.496783382851415,5.622222222222222,4.318702280291012,6.925742164153432,0.9381535947712418,0.8686014917789222,1.0077056977635614,0.002729896816890687,-0.005351278895009313,0.010811072528790686
ppo_event,15.0,5,0.736394114079536,0.6720031504874432,0.8007850776716289,0.0,0.0,0.0,22.482827484853154,21.508235647574292,23.457419322132015,0.9629273504273504,0.8795443218812573,1.0463103789734436,23.43333333333333,21.52234636785653,25.34432029881013,5.355555555555556,4.057337841690662,6.6537732694204506,0.93686115355233,0.8706231718756788,1.0030991352289813,0.002044263860443607,-0.013079919480006474,0.01716844720089369
ppo_event,16.0,5,0.7210514755602138,0.669821121088643,0.7722818300317845,0.0,0.0,0.0,23.47980587012625,22.283279244373137,24.67633249587936,0.9477979582146249,0.8808754342706757,1.014720482158574,24.533333333333335,22.939090249493745,26.127576417172925,5.555555555555555,4.494892292297752,6.616218818813358,0.9455375241884193,0.9039226007349123,0.9871524476419263,0.001662288824445568,-0.0038029766301603506,0.007127554279051486
ppo_event,17.0,5,0.7324205170283601,0.6788866494503096,0.7859543846064105,0.03333333333333333,-0.004443241810922788,0.07110990847758945,22.964593370664296,21.307604950083125,24.621581791245468,0.9548670465337132,0.8929647232146357,1.0167693698527909,24.044444444444444,21.501694593992124,26.587194294896765,5.466666666666667,4.278454752242204,6.65487858109113,0.9393694798223784,0.845918369852864,1.032820589791893,0.0018337667977903038,0.0008212278961715808,0.0028463056994090267
ppo_event,18.0,5,0.7349303118260918,0.709189042848228,0.7606715808039556,0.01111111111111111,-0.019733333333333325,0.041955555555555545,23.170127830225447,22.305974341398734,24.03428131905216,0.9545109211775878,0.9198543405937919,0.9891675017613838,24.177777777777777,23.303458824760668,25.052096730794887,5.355555555555556,4.828936909831071,5.8821742012800415,0.9518183940242764,0.8978953802943778,1.005741407754175,-0.0006314586149528623,-0.007657203722039903,0.006394286492134178
ppo_event,19.0,5,0.7244396821091195,0.6931528420678664,0.7557265221503725,0.01111111111111111,-0.019733333333333325,0.041955555555555545,23.438249185477012,22.1194821624597,24.757016208494324,0.949667616334283,0.9065728475783525,0.9927623850902134,24.333333333333332,22.688135655991527,25.978531010675137,5.566666666666667,4.899042959537429,6.234290373795906,0.9251710217098111,0.8765283813973549,0.9738136620222674,0.0011949949053814634,-0.006942904422326935,0.009332894233089863
ppo_event,20.0,5,0.6920914679002914,0.6449768250485288,0.739206110752054,0.0,0.0,0.0,23.37227070784225,22.42894474660281,24.315596669081692,0.9013710826210828,0.8472115281823513,0.9555306370598142,23.744444444444447,22.29311582096411,25.195773067924783,6.233333333333333,5.337515929099415,7.129150737567252,0.9236455238661121,0.8724866320866579,0.9748044156455663,-0.005055897188140079,-0.012499501368970316,0.0023877069926901582
ppo_event,21.0,5,0.7240363201387005,0.6837176220259533,0.7643550182514476,0.0,0.0,0.0,23.322130702461113,22.74704498379912,23.897216421123105,0.9527362298195632,0.9152727019120696,0.9901997577270568,24.2,23.52142222222222,24.878577777777778,5.6,4.829814778089463,6.370185221910536,0.942842522974102,0.8849991911167324,1.0006858548314714,-0.002120922674657777,-0.006536724006138141,0.0022948786568225865
ppo_event,22.0,5,0.7414823067274048,0.6612810731703889,0.8216835402844207,0.02222222222222222,-0.015554352922033901,0.05999879736647834,23.027460984550594,21.24832406804142,24.806597901059767,0.9652777777777779,0.8690819691907212,1.0614735863648346,24.288888888888884,22.9520392839696,25.625738493808168,5.222222222222223,3.62544492457812,6.818999519866326,0.962175925925926,0.914993873859762,1.00935797799209,0.0019323834916576744,-0.0046008110795505135,0.008465578062865863
ppo_event,23.0,5,0.7425425985794698,0.6854429524085519,0.7996422447503877,0.0,0.0,0.0,22.732817569835035,21.549015299381466,23.916619840288604,0.9712725546058879,0.8895006179277589,1.053044491284017,24.022222222222222,22.600698182483338,25.443746261961106,5.2333333333333325,4.0523495408854044,6.414317125781261,0.9538376083122462,0.90122754913214,1.0064476674923524,0.0015096013928996399,-0.004806905205819065,0.007826107991618345
ppo_event,24.0,5,0.7048436630544473,0.6764454709734431,0.7332418551354516,0.01111111111111111,-0.019733333333333325,0.041955555555555545,23.935818015649065,22.79508615465339,25.07654987664474,0.9213793922127256,0.8873202132239439,0.9554385712015072,24.255555555555553,23.33460221804244,25.176508893068664,5.844444444444444,5.244363419462642,6.444525469426246,0.9320149911816579,0.9017540647587761,0.9622759176045397,-0.000598802555759903,-0.013365714148911528,0.012168109037391723
ppo_event,25.0,5,0.7141228004889556,0.6499034145562363,0.7783421864216749,0.0,0.0,0.0,23.98974385555774,22.532194641496353,25.44729306961913,0.9389957264957266,0.8560687009737502,1.021922752017703,25.32222222222222,24.491137569048583,26.153306875395856,5.833333333333334,4.473026890007755,7.193639776658912,0.9437210528333718,0.892481634510613,0.9949604711561306,8.657230064272881e-05,-0.002246667616395881,0.002419812217681338
ppo_event,26.0,5,0.7401901089816689,0.7127515352998631,0.7676286826634747,0.0,0.0,0.0,23.115863427282243,22.258235449074675,23.97349140548981,0.9669100189933524,0.9314063770419341,1.0024136609447707,24.377777777777776,23.412933184905402,25.34262237065015,5.2555555555555555,4.667081061525902,5.844030049585209,0.9450119896443425,0.9212836528084432,0.9687403264802419,0.0039097402826882895,-0.005081483505488538,0.012900964070865117
ppo_event,27.0,5,0.7521668835884522,0.7136219733103936,0.7907117938665108,0.03333333333333333,-0.02835555555555555,0.09502222222222222,22.938084370302843,22.038806292011937,23.837362448593748,0.9780567426400759,0.9267783496650281,1.0293351356151237,24.711111111111112,23.462577681269483,25.95964454095274,4.944444444444444,4.21943595236987,5.669452936519018,0.9683862433862434,0.9172765611384095,1.0194959256340772,0.002681169391144067,-0.007820314464660014,0.013182653246948148
ppo_event,28.0,5,0.7499142364455663,0.715155541502384,0.7846729313887486,0.01111111111111111,-0.019733333333333325,0.041955555555555545,22.570796987319408,21.083196241010718,24.058397733628098,0.9834995251661919,0.9414629095746989,1.0255361407576848,23.988888888888887,23.099733910938017,24.878043866839757,4.966666666666667,4.364212207140912,5.569121126192422,0.9404890289449114,0.8975538172153522,0.9834242406744705,-0.002221556205768138,-0.008296403037361122,0.0038532906258248447
ppo_event,29.0,5,0.6993134784289942,0.653200033350651,0.7454269235073373,0.01111111111111111,-0.019733333333333325,0.041955555555555545,23.00881788153346,22.307238038499698,23.710397724567223,0.9181208452041785,0.8623320221622909,0.9739096682460661,23.366666666666667,22.297516175232776,24.43581715810056,5.988888888888889,5.085141403124922,6.892636374652856,0.8986712156682319,0.8471122780978391,0.9502301532386248,0.0027478747884742915,-0.00481144884004886,0.010307198416997444
ppo_event,30.0,5,0.7316575244310022,0.7097163719723951,0.7535986768896092,0.02222222222222222,-0.03946666666666665,0.08391111111111109,23.67450177548079,22.1255588452367,25.223444705724877,0.9543566001899334,0.9253910609888306,0.9833221393910362,24.422222222222224,22.956218517512642,25.888225926931806,5.4111111111111105,4.989883946803516,5.832338275418705,0.9522083463014835,0.9087761853798604,0.9956405072231067,0.003172458300832659,-0.0013878382187648562,0.007732754820430175
ppo_event,31.0,5,0.7270595949549488,0.6652330283755726,0.7888861615343249,0.03333333333333333,-0.02835555555555555,0.09502222222222222,22.990258989929345,21.230883448165176,24.749634531693513,0.9508428300094967,0.8666939236932543,1.034991736325739,23.855555555555558,21.760970219180354,25.95014089193076,5.444444444444445,4.188692900252386,6.700195988636503,0.916732381682072,0.8469086020249632,0.9865561613391809,0.0035474443455314033,-0.007008427927736431,0.014103316618799239
ppo_event,32.0,5,0.7688035807979048,0.7232340926695524,0.8143730689262572,0.03333333333333333,-0.02835555555555555,0.09502222222222222,22.12251711292184,20.479807518792114,23.765226707051568,0.9992283950617283,0.9345925839047072,1.0638642062187493,24.366666666666667,23.237995993094117,25.495337340239217,4.677777777777778,3.81440877408167,5.541146781473886,0.9704769379725633,0.9442462279279856,0.996707648017141,0.0012943754845764488,-0.002062448707434977,0.004651199676587874
ppo_event,33.0,5,0.7106254328427009,0.6523397123655177,0.768911153319884,0.03333333333333333,-0.004443241810922788,0.07110990847758945,22.657487177252495,20.779460757226808,24.535513597278182,0.9342830009496677,0.8586896437048458,1.0098763581944894,23.355555555555554,20.978031044017776,25.733080067093333,5.911111111111111,4.780335099626897,7.041887122595326,0.9034737076648842,0.8175611441145427,0.9893862712152257,-0.005848030693596229,-0.01124535208716855,-0.0004507093000239064
ppo_event,34.0,5,0.7664081171189016,0.7001035232463345,0.8327127109914686,0.03333333333333333,-0.02835555555555555,0.09502222222222222,22.984611833873643,21.529836320331345,24.43938734741594,0.9935956790123454,0.9020716628433774,1.0851196951813133,24.333333333333332,22.64461760536828,26.022049061298386,4.71111111111111,3.328777492163038,6.093444730059183,0.9636780267662621,0.9056184616172037,1.0217375919153204,0.0014242250530514867,-0.007027443676381355,0.009875893782484328
ppo_event,35.0,5,0.7230190217647592,0.6362968080017798,0.8097412355277386,0.02222222222222222,-0.03946666666666665,0.08391111111111109,22.920399757004226,21.258879323843864,24.58192019016459,0.943019943019943,0.8334745434934949,1.052565342546391,23.15555555555556,20.520927179765433,25.790183931345684,5.511111111111111,3.8298766698686793,7.192345552353543,0.9222420578537373,0.8176393021165764,1.026844813590898,-0.0017316862319906555,-0.006827964064522139,0.003364591600540828
ppo_event,36.0,5,0.7264828961887785,0.7104749615416903,0.7424908308358666,0.01111111111111111,-0.019733333333333325,0.041955555555555545,23.091934149198728,21.957621043109278,24.22624725528818,0.9490265906932575,0.9212806257716263,0.9767725556148886,24.333333333333336,23.916647834499656,24.750018832167015,5.544444444444444,5.3188367832489,5.770052105639989,0.9555127606598195,0.9327519564771392,0.9782735648424998,0.002738222383777611,-0.00590964639130606,0.011386091158861281
ppo_event,37.0,5,0.7305122496224372,0.6641702830616281,0.7968542161832464,0.02222222222222222,-0.015554352922033901,0.05999879736647834,22.15314324810259,21.09530029560456,23.210986200600622,0.95784069325736,0.8671392868633494,1.0485420996513706,23.122222222222224,21.525147046150447,24.719297398294,5.344444444444444,3.986412908964496,6.702475979924392,0.9326723820841469,0.8623204496333045,1.0030243145349895,-0.001444674797676271,-0.003946566508593412,0.0010572169132408698
ppo_event,38.0,5,0.7263467722649084,0.6356896900254468,0.81700385450437,0.02222222222222222,-0.015554352922033901,0.05999879736647834,22.219493684186535,20.89253705153498,23.54645031683809,0.9597518993352325,0.8423766222602068,1.0771271764102583,23.166666666666668,21.101585616632583,25.231747716700752,5.477777777777778,3.757249341009471,7.1983062145460845,0.9022842218504488,0.8148783379923961,0.9896901057085015,-0.0015981422970071436,-0.00517492783986738,0.0019786432458530926
ppo_event,39.0,5,0.7024424224381599,0.6823044639107647,0.7225803809655551,0.02222222222222222,-0.015554352922033901,0.05999879736647834,22.86527764478356,20.858737437010312,24.87181785255681,0.9129451566951567,0.8864098575416606,0.9394804558486529,23.477777777777778,21.75655828244573,25.198997273109825,6.044444444444444,5.632350661518851,6.456538227370038,0.9176398207504345,0.8799993617479874,0.9552802797528815,-0.019684921036241577,-0.07072312958967847,0.03135328751719531
ppo_event,40.0,5,0.7263456798324659,0.6785375610803136,0.7741537985846182,0.0,0.0,0.0,22.611362676921907,19.833104007937596,25.389621345906217,0.9524928774928775,0.8950916458965124,1.0098941090892426,23.744444444444447,21.66753428738569,25.821354601503206,5.433333333333333,4.634349094239101,6.232317572427564,0.9194134225356463,0.8407853371814439,0.9980415078898487,-0.000923467030224856,-0.005881299100668668,0.004034365040218956
ppo_event,41.0,5,0.7333197633120235,0.6743576666060748,0.7922818600179723,0.01111111111111111,-0.019733333333333325,0.041955555555555545,23.153112552529585,21.658388419134383,24.647836685924787,0.9527540360873694,0.8753758211052748,1.0301322510694642,23.988888888888887,22.695443375617273,25.2823344021605,5.377777777777778,4.345064505271863,6.410491050283693,0.9515650553150554,0.8985974985110593,1.0045326121190514,0.0044664190645562485,-0.0036881369521609766,0.012620975081273474
ppo_event,42.0,5,0.7413385452995428,0.7093271667087192,0.7733499238903664,0.02222222222222222,-0.015554352922033901,0.05999879736647834,23.321958308974892,21.45373028331443,25.190186334635353,0.9652540360873694,0.9239928171807467,1.006515254993992,24.633333333333333,23.398977357705597,25.86768930896107,5.166666666666667,4.505127033371917,5.828206299961417,0.9480573854486899,0.9175619147284966,0.9785528561688832,0.006218810001155361,-0.007210489016459635,0.019648109018770357
ppo_event,43.0,5,0.76630707677596,0.7253030082556842,0.8073111452962358,0.03333333333333333,-0.02835555555555555,0.09502222222222222,22.59014983475831,21.06519220859468,24.11510746092194,0.9947352801519468,0.9395486546332357,1.049921905670658,25.033333333333335,24.24907125317749,25.81759541348918,4.677777777777777,3.804820057024806,5.550735498530748,0.9687232620320856,0.9496289697335172,0.987817554330654,0.0002749150116869714,-0.005157895595945399,0.005707725619319342
ppo_event,44.0,5,0.7284780655784492,0.6449372415331482,0.8120188896237501,0.01111111111111111,-0.019733333333333325,0.041955555555555545,22.981664466466587,21.464194061996828,24.499134870936345,0.953662155745489,0.8518372759973992,1.0554870354935788,23.844444444444445,22.951286046979043,24.737602841909847,5.466666666666667,3.7895398855317404,7.143793447801594,0.9268261984928653,0.8721500683939553,0.9815023285917753,0.0009021792735438794,-0.0032578064136062784,0.005062164960694037
ppo_event,45.0,5,0.7218857064125606,0.6470436729783067,0.7967277398468144,0.0,0.0,0.0,22.930509280976157,21.71323425736872,24.147784304583595,0.9454297245963911,0.8433179395873012,1.047541509605481,24.23333333333333,22.10339099782455,26.36327566884211,5.533333333333333,4.003032296862985,7.063634369803681,0.9297530864197532,0.8456324608195823,1.0138737120199242,-0.005050711892545223,-0.02015233135512561,0.010050907570035163
ppo_event,46.0,5,0.7270239863622217,0.6622271013479563,0.791820871376487,0.03333333333333333,-0.004443241810922788,0.07110990847758945,23.498582454696194,21.96855731521799,25.0286075941744,0.952718423551757,0.8768938948671071,1.0285429522364067,24.48888888888889,22.98619136644779,25.99158641132999,5.433333333333334,4.166831748769105,6.6998349178975625,0.9302774384530565,0.8610770698276,0.9994778070785131,0.0012837523012422026,-0.007443443041009114,0.010010947643493518
ppo_event,47.0,5,0.7311055465957426,0.7034220360067911,0.758789057184694,0.02222222222222222,-0.015554352922033901,0.05999879736647834,23.74086334979535,22.064793948802304,25.416932750788398,0.9631054131054132,0.9227214527612608,1.0034893734495656,24.84444444444444,24.132011220716347,25.556877668172536,5.455555555555555,4.7583073545344545,6.152803756576655,0.9554945939728547,0.9101190690636145,1.000870118882095,9.076044225366786e-05,-0.005843816007879211,0.0060253368923865475
ppo_event,48.0,5,0.7602549036010247,0.723026045111315,0.7974837620907343,0.03333333333333333,-0.004443241810922788,0.07110990847758945,22.879265042170143,21.173077486717915,24.58545259762237,1.0029736467236465,0.9501953667342575,1.0557519267130355,24.466666666666665,23.495433931847053,25.437899401486277,4.844444444444444,4.0665771530875165,5.622311735801372,0.9635877566514821,0.928705971813562,0.9984695414894023,0.004279534827946918,-0.006139723111453035,0.014698792767346872
ppo_event,49.0,5,0.7497809602001508,0.7130219607829906,0.786539959617311,0.01111111111111111,-0.019733333333333325,0.041955555555555545,22.494061771303645,20.97248107473229,24.015642467875,0.9731184710351377,0.920043690970271,1.0261932511000045,24.044444444444444,22.089164531547627,25.99972435734126,5.111111111111111,4.373096945500467,5.849125276721755,0.9455219285781945,0.898573310702198,0.992470546454191,0.00041209589689970014,-0.011698109064655075,0.012522300858454474
ppo_event,50.0,5,0.7509404738326307,0.7096376502490824,0.792243297416179,0.0,0.0,0.0,21.97735315300425,20.55229471945646,23.402411586552038,0.9811609686609686,0.9285701865665764,1.0337517507553606,23.566666666666666,23.22389064722223,23.909442686111102,4.977777777777777,4.072452611175218,5.883102944380336,0.9425230479397146,0.9336654114776712,0.951380684401758,-0.004247365868650377,-0.014115908975024393,0.005621177237723639
ppo_event,51.0,5,0.7427156490615571,0.6585476645660305,0.8268836335570836,0.02222222222222222,-0.015554352922033901,0.05999879736647834,22.82398202455409,20.759920253719713,24.88804379538847,0.9682811016144349,0.8624782310163382,1.0740839722125315,24.08888888888889,23.04108536004308,25.136692417734697,5.155555555555556,3.4616366273572075,6.849474483753904,0.9410956790123457,0.8929870369445181,0.9892043210801733,0.004091662933933549,-0.0010104515939355204,0.009193777461802617
ppo_event,52.0,5,0.749609348570346,0.7050582315953607,0.7941604655453313,0.01111111111111111,-0.019733333333333325,0.041955555555555545,23.354326188425283,22.909270394656726,23.79938198219384,0.9765016619183285,0.9129480037635698,1.0400553200730873,24.633333333333333,23.375121940468127,25.89154472619854,5.022222222222222,4.1585777777777775,5.885866666666667,0.9647315946580651,0.9315486982945579,0.9979144910215724,0.0008525875338818878,-0.005520816949021704,0.007225992016785479
ppo_event,53.0,5,0.7068001796678267,0.6707943222452687,0.7428060370903847,0.01111111111111111,-0.019733333333333325,0.041955555555555545,23.143964585178548,22.106237746997074,24.18169142336002,0.92633547008547,0.8786659973091099,0.9740049428618301,23.65555555555556,21.60468991188334,25.706421199227776,5.855555555555556,4.971497600916555,6.739613510194557,0.9079388893604581,0.837027647316132,0.9788501314047842,-0.008028967831211275,-0.022132827125530545,0.006074891463107997
ppo_event,54.0,5,0.7728937837761367,0.716983946424328,0.8288036211279455,0.0,0.0,0.0,21.598546275379395,20.678892717418073,22.518199833340717,1.0108915004748338,0.9331782720187445,1.088604728930923,24.244444444444447,22.599535930946576,25.889352957942318,4.566666666666666,3.235165194689807,5.898168138643526,0.957508948023654,0.894738159884822,1.020279736162486,0.0034832682344131173,-0.006663063684809007,0.01362960015363524
ppo_event,55.0,5,0.7535251440643597,0.729467024438241,0.7775832636904784,0.03333333333333333,-0.02835555555555555,0.09502222222222222,22.57294040406501,21.97089221907329,23.174988589056735,0.9839981006647674,0.9596240414245715,1.0083721599049635,24.488888888888887,23.795060268074113,25.18271750970366,4.955555555555556,4.4094259440230985,5.501685167088013,0.9407170909299392,0.9119539590042961,0.9694802228555822,0.004531082598259672,0.0017265156259928952,0.0073356495705264495
ppo_event,56.0,5,0.7621450560900689,0.709405220440054,0.8148848917400837,0.02222222222222222,-0.03946666666666665,0.08391111111111109,22.719023509017834,21.211557282330862,24.226489735704806,0.9998219373219375,0.9313426441951375,1.0683012304487374,24.77777777777778,23.718236316275693,25.837319239279864,4.71111111111111,3.7087853061658027,5.713436916056418,0.9708901625355164,0.9242962789068546,1.0174840461641783,-0.006899248939589597,-0.02022452583479811,0.006426027955618915
ppo_event,57.0,5,0.7388433599175288,0.7185359740279543,0.7591507458071033,0.01111111111111111,-0.019733333333333325,0.041955555555555545,22.730361131404656,22.006436730088744,23.45428553272057,0.9687143874643874,0.9362008474058165,1.0012279275229583,23.588888888888892,22.277909284184602,24.899868493593182,5.2333333333333325,4.723232987843216,5.743433678823449,0.929786403289174,0.9055011901645896,0.9540716164137583,0.005293503648135811,-0.008786019948200548,0.019373027244472173
ppo_event,58.0,5,0.7483031903020012,0.6913569311585887,0.8052494494454138,0.01111111111111111,-0.019733333333333325,0.041955555555555545,22.41169062007011,21.400322146846403,23.42305909329382,0.9850902184235517,0.9062209372916196,1.063959499555484,24.0,22.00880058231536,25.99119941768464,5.111111111111112,4.006509584164252,6.215712638057971,0.9533080808080807,0.8811744229049523,1.0254417387112091,0.0021461679658386855,-0.004121344538654715,0.008413680470332087
ppo_event,59.0,5,0.7541002107913872,0.6975904939194275,0.8106099276633469,0.02222222222222222,-0.015554352922033901,0.05999879736647834,22.02821792637681,20.87229383309505,23.184142019658573,0.9795346628679962,0.9131488509641761,1.0459204747718163,23.633333333333336,22.398014296019245,24.86865237064743,4.977777777777777,3.8459505659071382,6.109604989648416,0.959332788671024,0.9134072302591103,1.0052583470829377,0.0029268465412314983,-0.017184207129360193,0.023037900211823188
ppo_event,60.0,5,0.7414408870706825,0.7077190473217855,0.7751627268195794,0.02222222222222222,-0.015554352922033901,0.05999879736647834,23.020433931523627,21.61990296120364,24.420964901843615,0.9634199905033238,0.9208337181305029,1.0060062628761448,24.5,23.747623130946717,25.252376869053283,5.255555555555555,4.571740413399449,5.93937069771166,0.9528792160138909,0.9100322302457287,0.9957262017820532,-0.008190568763529882,-0.016375509611441706,-5.627915618056437e-06
ppo_event,61.0,5,0.7356983615703946,0.6641391527994356,0.8072575703413536,0.03333333333333333,-0.004443241810922788,0.07110990847758945,22.194627938211635,21.15073584665524,23.23852002976803,0.9575142450142451,0.8672947962263857,1.0477336938021045,23.07777777777778,20.893694885125736,25.261860670429822,5.322222222222222,3.808485740760326,6.835958703684118,0.927764262709915,0.8433404396862585,1.0121880857335714,-0.010537953290622681,-0.035064837557609474,0.013988930976364108
ppo_event,62.0,5,0.7448232022161891,0.6668221625366769,0.8228242418957014,0.03333333333333333,-0.004443241810922788,0.07110990847758945,22.974859746473843,20.35119878035835,25.598520712589337,0.9818613485280151,0.8749847221128294,1.088737974943201,24.6,23.233239543597644,25.96676045640236,5.133333333333334,3.6281054828152444,6.638561183851423,0.9406968373878456,0.88852560581839,0.9928680689573012,0.001930879894644022,-0.0051711614766800345,0.009032921265968078
ppo_event,63.0,5,0.7494355471657262,0.6861524300316828,0.8127186642997697,0.03333333333333333,-0.004443241810922788,0.07110990847758945,23.625615492718715,21.382667988185972,25.86856299725146,0.9736289173789174,0.8831943985754429,1.064063436182392,25.611111111111107,24.149657196107622,27.072565026114592,5.022222222222222,3.6422995519966515,6.402144892447793,0.9758502508747607,0.9656621475557287,0.9860383541937928,-0.0003088577999733388,-0.005507918405567109,0.004890202805620432
ppo_event,64.0,5,0.7388398810702732,0.6747846236117774,0.802895138528769,0.03333333333333333,-0.004443241810922788,0.07110990847758945,22.974552805390328,21.42125806401861,24.527847546762047,0.9683998100664766,0.8911446383443842,1.045654981788569,23.93333333333333,23.119601001329652,24.747065665337008,5.2666666666666675,3.961323364014918,6.572009969318417,0.9411156735421441,0.8951740558285778,0.9870572912557104,-0.002051165938610211,-0.010991894324889243,0.0068895624476688205
ppo_event,65.0,5,0.7572941154942434,0.7079203457264714,0.8066678852620154,0.03333333333333333,-0.004443241810922788,0.07110990847758945,21.11999941056237,20.256265041940967,21.983733779183776,0.9853810541310543,0.9158078430838947,1.0549542651782138,22.755555555555553,20.345244276441957,25.16586683466915,4.877777777777778,3.794483300070032,5.961072255485524,0.913661686896981,0.8524298285170671,0.974893545276895,-0.012534720559294027,-0.03181220822775311,0.006742767109165056
ppo_event,66.0,5,0.7666041366041366,0.6975565764916429,0.8356516967166303,0.02222222222222222,-0.015554352922033901,0.05999879736647834,22.820905688622425,21.117517217927507,24.524294159317343,0.9975605413105413,0.9053133674488643,1.0898077151722183,24.077777777777776,22.000295106399612,26.15526044915594,4.644444444444445,3.176819233095289,6.112069655793601,0.9556673128188473,0.8782827365654042,1.0330518890722904,0.002358623532927595,-0.0026026322052920886,0.007319879271147279
ppo_event,67.0,5,0.7301326846528085,0.6891301030935075,0.7711352662121094,0.03333333333333333,-0.02835555555555555,0.09502222222222222,22.868266171611264,21.58519155769576,24.151340785526767,0.9527006172839506,0.9039180188289917,1.0014832157389095,24.42222222222222,23.593717248277073,25.250727196167368,5.444444444444445,4.594121792537724,6.2947670963511655,0.9419979911156382,0.9080844654798796,0.9759115167513968,0.0009152165963314474,-0.0062847834066111444,0.00811521659927404
ppo_event,68.0,5,0.7538794959500417,0.6890884198294454,0.818670572070638,0.01111111111111111,-0.019733333333333325,0.041955555555555545,22.830125164940576,20.79027882230249,24.86997150757866,0.9872091642924975,0.9049961518444349,1.06942217674056,24.422222222222224,22.88262401008543,25.96182043435902,4.9111111111111105,3.665247528225531,6.15697469399669,0.957663720077403,0.9101150164506774,1.0052124237041287,-0.0008544297772459686,-0.00541584120807035,0.0037069816535784134
ppo_event,69.0,5,0.7477680795599875,0.697579843222792,0.797956315897183,0.02222222222222222,-0.015554352922033901,0.05999879736647834,22.944698923758096,21.67147679550969,24.217921052006503,0.9766263057929724,0.9109639524907237,1.0422886590952212,24.18888888888889,23.198258677705805,25.179519100071975,5.055555555555555,3.9328008304087376,6.178310280702373,0.9421125302859048,0.9024885094306692,0.9817365511411404,-0.0043720144196413456,-0.01246027164208767,0.0037162428028049777
ppo_event,70.0,5,0.740244285095095,0.7078934922268978,0.7725950779632922,0.0,0.0,0.0,22.869527585691134,21.83448833444316,23.904566836939107,0.9582858499525166,0.9178577030064523,0.998713996898581,24.4,23.626732792099126,25.17326720790087,5.188888888888888,4.4355642425935145,5.942213535184262,0.9620273109243698,0.9321518967792604,0.9919027250694792,-0.007978953467682005,-0.017120899238894545,0.0011629923035305374
ppo_event,71.0,5,0.7195561304597963,0.6919101001931667,0.7472021607264259,0.0,0.0,0.0,24.01148848843287,22.944687113349364,25.07828986351638,0.9423076923076923,0.9041358362131984,0.9804795484021862,24.533333333333335,23.223261169455366,25.843405497211304,5.555555555555555,5.090325619043339,6.0207854920677715,0.9292221421579905,0.8897636626464352,0.9686806216695457,3.9719237247481945e-05,-0.005286376499645835,0.005365814974140798
ppo_event,72.0,5,0.7196387681423801,0.6543797529195757,0.7848977833651846,0.02222222222222222,-0.03946666666666665,0.08391111111111109,21.843058854272712,20.6311115959381,23.055006112607323,0.9505757359924025,0.8649990966056882,1.0361523753791169,22.7,20.63630150828873,24.763698491711267,5.511111111111111,4.193074909356469,6.829147312865753,0.9002220420331876,0.8330652686338476,0.9673788154325276,0.003491208766354248,-0.005663556315379547,0.012645973848088044
ppo_event,73.0,5,0.7487954356826906,0.7084889499846057,0.7891019213807755,0.01111111111111111,-0.019733333333333325,0.041955555555555545,22.460030782953726,20.416326532233516,24.503735033673937,0.9849833808167141,0.9355480601339248,1.0344187014995034,24.088888888888892,22.308573847271987,25.869203930505797,5.011111111111111,4.168656782495922,5.8535654397263,0.9434112719161739,0.9032390055269475,0.9835835383054004,0.0007682851515710354,-0.0036314208665664855,0.0051679911697085565
ppo_event,74.0,5,0.7424933552191033,0.689621644121786,0.7953650663164207,0.02222222222222222,-0.015554352922033901,0.05999879736647834,23.378825304517928,21.734073598578174,25.023577010457682,0.9779677113010447,0.9059303834821184,1.050005039119971,25.033333333333335,23.651688127584805,26.414978539081865,5.233333333333333,4.1711015379324925,6.295565128734174,0.9580283224400871,0.9206603499761791,0.9953962949039951,-0.0010552652063779532,-0.010272801023008392,0.008162270610252487
ppo_event,75.0,5,0.7335766158315178,0.6966119788415456,0.77054125282149,0.0,0.0,0.0,23.50296122703856,22.60156605436822,24.404356399708902,0.9546652421652422,0.9081646827778672,1.0011658015526173,24.31111111111111,23.076755135483374,25.545467086738846,5.4222222222222225,4.702812335107087,6.141632109337358,0.9345684857320563,0.9017345974133282,0.9674023740507844,-0.002750446496065706,-0.01064836114105801,0.005147468148926597
ppo_event,76.0,5,0.7448341025035399,0.7229909399132329,0.7666772650938468,0.02222222222222222,-0.015554352922033901,0.05999879736647834,22.566046560712433,20.672401257132513,24.459691864292353,0.9761039886039885,0.9493023346074375,1.0029056426005394,24.366666666666667,22.098708414171323,26.63462491916201,5.188888888888888,4.697309335526515,5.680468442251262,0.9481965926467206,0.8884811289786612,1.00791205631478,-0.005315680912462995,-0.022906087948262422,0.012274726123336435
ppo_event,77.0,5,0.747390320014776,0.659463424954325,0.835317215075227,0.02222222222222222,-0.015554352922033901,0.05999879736647834,22.881398945517052,21.241477650214712,24.521320240819392,0.9705246913580247,0.8550671437518694,1.08598223896418,24.144444444444446,22.36079260220589,25.928096286683,5.111111111111112,3.2425384756946665,6.979683746527557,0.9400528691008567,0.8531008040985766,1.0270049341031369,0.00037440055421029684,-0.00368470659806014,0.004433507706480734
ppo_event,78.0,5,0.7624998610921458,0.6883129363255185,0.8366867858587732,0.02222222222222222,-0.015554352922033901,0.05999879736647834,22.913278970356554,20.984063717579872,24.842494223133237,0.9976733143399809,0.9029446269256132,1.0924020017543485,24.511111111111113,23.911030086129312,25.111192136092914,4.8,3.283751612256971,6.316248387743029,0.9534374551699113,0.9012223579796644,1.005652552360158,0.0035875077708624305,-0.0010756813024914167,0.008250696844216279
ppo_event,79.0,5,0.7416835842080939,0.7117786764730788,0.771588491943109,0.01111111111111111,-0.019733333333333325,0.041955555555555545,22.11752017776083,19.63859288933425,24.59644746618741,0.9625890313390313,0.9354945403584646,0.989683522319598,23.31111111111111,21.49639322248251,25.12582899973971,5.2,4.559281369510149,5.840718630489851,0.9284527587202351,0.8818388387343273,0.9750666787061429,-0.007004282434354536,-0.017265127487333092,0.0032565626186240185
ppo_event,80.0,5,0.758877873649826,0.702981029564527,0.8147747177351249,0.01111111111111111,-0.019733333333333325,0.041955555555555545,21.740665430342084,21.012680869570026,22.46864999111414,0.9935185185185185,0.9228697403504242,1.0641672966866127,23.877777777777776,22.92783899248555,24.827716563070002,4.833333333333334,3.7559832051180764,5.910683461548592,0.9362690800958064,0.8837546370831931,0.9887835231084198,0.00556762077158055,-0.007199406457022885,0.018334648000183987
ppo_event,81.0,5,0.7534910289266529,0.7204140438593476,0.7865680139939581,0.02222222222222222,-0.015554352922033901,0.05999879736647834,23.161550704777085,21.715464559295178,24.60763685025899,0.9872507122507121,0.9329139436404328,1.0415874808609915,25.055555555555554,23.29040154206041,26.8207095690507,5.033333333333333,4.392614702843482,5.674051963823184,0.959124744686339,0.9163116256248719,1.0019378637478062,0.0062964443553937596,-0.002825016677754668,0.015417905388542187
ppo_event,82.0,5,0.7379780424100544,0.7181089242473354,0.7578471605727733,0.01111111111111111,-0.019733333333333325,0.041955555555555545,22.923265627861444,21.681740004689292,24.164791251033595,0.9698599240265906,0.94065900378827,0.9990608442649112,24.366666666666667,22.81016785804696,25.923165475286375,5.288888888888889,4.894489865525963,5.6832879122518145,0.9482766389384037,0.8904318596094022,1.0061214182674052,0.001575415552360937,-0.0012675393252856494,0.004418370430007524
ppo_event,83.0,5,0.7554401983693724,0.7143218397701332,0.7965585569686116,0.0,0.0,0.0,22.701822566455682,20.925246963038475,24.47839816987289,0.9898029439696107,0.9314953692561883,1.048110518683033,24.955555555555556,23.53838843105491,26.372722680056203,4.9111111111111105,3.9168860040771,5.905336218145121,0.971599361967009,0.9336772207438342,1.0095215031901839,0.0018508759398173425,-0.007135060196937404,0.010836812076572088
ppo_event,84.0,5,0.7847891447027154,0.7682949477290237,0.8012833416764071,0.02222222222222222,-0.015554352922033901,0.05999879736647834,22.031131139539433,21.369740725483666,22.6925215535952,1.0244242640075973,0.9932254273100026,1.0556231007051922,24.422222222222224,23.443670373068855,25.400774071375594,4.333333333333333,4.099443752970143,4.567222913696523,0.9757738095238097,0.9584438420007235,0.9931037770468958,0.0006105867389123887,-0.015068052428789766,0.016289225906614545
ppo_event,85.0,5,0.7501019675913112,0.7018286412031557,0.7983752939794667,0.0,0.0,0.0,22.713257899475344,21.04614562782938,24.38037017112131,0.9855947293447294,0.9194732861707599,1.0517161725186988,24.166666666666668,22.75488035751218,25.578452975821154,4.877777777777778,4.024105187808885,5.731450367746671,0.9484213113740978,0.9101816906040727,0.9866609321441229,-0.006765872106188908,-0.015383157539047815,0.0018514133266699971
ppo_event,86.0,5,0.7722600222084227,0.7527006435896786,0.7918194008271668,0.03333333333333333,-0.02835555555555555,0.09502222222222222,21.91706068385498,21.120080418347214,22.714040949362747,1.0143696581196582,0.9918548127043196,1.0368845035349967,24.122222222222224,22.917313303170715,25.327131141273732,4.544444444444444,4.230648643891849,4.85824024499704,0.9561832376048063,0.9124919791531375,0.999874496056475,-0.0012377921899314969,-0.011389896781690462,0.008914312401827468
ppo_event,87.0,5,0.7573677782294913,0.7208419445003236,0.793893611958659,0.02222222222222222,-0.015554352922033901,0.05999879736647834,22.55779742067921,21.741401831041994,23.37419301031643,0.9937440645773977,0.934529465085143,1.0529586640696524,24.422222222222224,23.688085565922147,25.1563588785223,4.888888888888889,4.144457088001233,5.6333206897765455,0.9412820313310508,0.9281889039480871,0.9543751587140146,-0.0007377216694294475,-0.008269636093077168,0.006794192754218273
ppo_event,88.0,5,0.7499429637174735,0.7056691179460084,0.7942168094889386,0.03333333333333333,-0.02835555555555555,0.09502222222222222,22.167007388539407,21.37984735460726,22.954167422471553,0.9780626780626781,0.9213346868441987,1.0347906692811575,23.81111111111111,22.59422057138331,25.02800165083891,5.055555555555555,4.128937928289328,5.982173182821783,0.9494781616350243,0.8947958685691765,1.0041604547008722,0.0036931433809513693,-0.009921665425186568,0.017307952187089307
ppo_event,89.0,5,0.7525504008089148,0.6847680574672159,0.8203327441506136,0.02222222222222222,-0.015554352922033901,0.05999879736647834,22.249077507308822,21.3148553295558,23.183299685061844,0.9780864197530864,0.8876343860847695,1.0685384534214033,23.288888888888888,21.626147308705985,24.95163046907179,4.944444444444445,3.6550507425370258,6.2338381463518635,0.9287331649831649,0.8727819421696351,0.9846843877966948,-0.004104797530453652,-0.011492506059163143,0.0032829109982558382
ppo_event,90.0,5,0.7384218959525193,0.7098318373218355,0.767011954583203,0.0,0.0,0.0,22.529320671039514,20.412848515196906,24.645792826882122,0.9753739316239317,0.9381886296943543,1.0125592335535092,24.177777777777777,21.963520440083972,26.392035115471582,5.2444444444444445,4.664109685367761,5.824779203521128,0.936050563500254,0.8783243120763624,0.9937768149241455,0.006445398050709627,-0.008473306738610987,0.021364102840030243
ppo_event,91.0,5,0.7432540020839253,0.6705581281036395,0.8159498760642112,0.03333333333333333,-0.004443241810922788,0.07110990847758945,22.836499281352218,21.05763291941018,24.615365643294254,0.9686787749287749,0.8746611307981671,1.0626964190593826,23.622222222222224,21.680369073459932,25.564075370984515,5.133333333333334,3.743963145437989,6.522703521228678,0.9310787589889756,0.8585107721874936,1.0036467457904577,-0.00644828014774248,-0.014333462566738602,0.0014369022712536414
ppo_event,92.0,5,0.7515840123928359,0.7129121309443198,0.790255893841352,0.02222222222222222,-0.015554352922033901,0.05999879736647834,22.44967408348527,20.607246449820785,24.292101717149755,0.9845026115859449,0.9369731950215731,1.0320320281503166,24.755555555555553,22.46308488921119,27.048026221899917,4.944444444444445,4.266918997790079,5.62196989109881,0.9447230003112356,0.8817321052512714,1.0077138953711997,0.0045809165225364264,-0.005241862373772957,0.01440369541884581
ppo_event,93.0,5,0.7270565061773502,0.6988267541319358,0.7552862582227645,0.03333333333333333,-0.004443241810922788,0.07110990847758945,21.894414986580163,20.07829027979821,23.710539693362115,0.9455424976258309,0.8970683729592801,0.9940166222923816,23.2,21.469134655015264,24.930865344984735,5.5,4.774991507925427,6.225008492074573,0.9173434744268079,0.8658598197010281,0.9688271291525876,-0.0025048388304033625,-0.02532244774768117,0.020312770086874442
ppo_event,94.0,5,0.7516306152090466,0.6993634447434045,0.8038977856746887,0.02222222222222222,-0.015554352922033901,0.05999879736647834,22.082577319381805,21.504384000123906,22.660770638639704,0.9796355650522317,0.917368993143567,1.0419021369608963,23.76666666666667,22.624588892834485,24.908744440498854,4.955555555555555,3.961569703754712,5.9495414073563975,0.9452110054548136,0.9002327257228426,0.9901892851867846,0.0023416980111505836,-0.011219111512649342,0.01590250753495051
ppo_event,95.0,5,0.7799902795256589,0.738877355889563,0.8211032031617548,0.01111111111111111,-0.019733333333333325,0.041955555555555545,21.98285758969909,20.703866055116624,23.261849124281557,1.0177231718898385,0.9559526519780016,1.0794936918016753,24.055555555555557,22.55634420732387,25.554766903787243,4.433333333333333,3.475912635782478,5.390754030884187,0.9464695272048212,0.8951186829490068,0.9978203714606357,0.001311910359072499,-0.011964739386703884,0.014588560104848882
ppo_event,96.0,5,0.7721904507667509,0.7167000163022385,0.8276808852312633,0.04444444444444444,-0.013260227253802562,0.10214911614269144,21.8151178254938,20.679209553589548,22.951026097398053,1.0038639601139603,0.9316684909746538,1.0760594292532668,24.1,22.59572052373369,25.604279476266314,4.544444444444444,3.5637075121479334,5.525181376740955,0.9409137527796949,0.9042948635321542,0.9775326420272357,0.003343516116729006,-0.014115867119864726,0.02080289935332274
ppo_event,97.0,5,0.7670668371286443,0.7264760567793507,0.807657617477938,0.02222222222222222,-0.015554352922033901,0.05999879736647834,22.18294664418258,21.800655517946453,22.565237770418705,1.0068791547958216,0.9499310300787622,1.063827279512881,24.155555555555555,22.44834968818623,25.86276142292488,4.7555555555555555,4.03614566844042,5.474965442670691,0.9621500014147072,0.9087109286036759,1.0155890742257385,-0.0019755519169848412,-0.013963744845263455,0.010012641011293772
ppo_event,98.0,5,0.7510292708065512,0.712688636612853,0.7893699050002495,0.04444444444444444,-0.013260227253802562,0.10214911614269144,22.52345749367539,19.633780820256703,25.41313416709408,0.979326923076923,0.9258082364405803,1.0328456097132659,24.288888888888888,22.325718142429707,26.25205963534807,5.022222222222223,4.2626092811483405,5.781835163296106,0.9504326764375784,0.9053956948977476,0.9954696579774093,-0.010110797589004506,-0.035229662323768896,0.015008067145759887
ppo_event,99.0,5,0.7443927015250545,0.6839326375317022,0.8048527655184069,0.01111111111111111,-0.019733333333333325,0.041955555555555545,21.988059191849096,20.28832304381286,23.687795339885334,0.976466049382716,0.9067685820317706,1.0461635167336614,23.555555555555554,22.393247829786375,24.717863281324732,5.055555555555555,3.914936507693527,6.1961746034175835,0.9329045355515945,0.8798466393517043,0.9859624317514847,0.0046084369765594605,-0.014287270409607247,0.023504144362726166
ppo_event,100.0,5,0.7256842939195881,0.6796717892679084,0.7716967985712678,0.03333333333333333,-0.004443241810922788,0.07110990847758945,22.329535958282438,20.30173751589161,24.357334400673267,0.9441714150047483,0.8928906475951552,0.9954521824143414,23.244444444444444,21.08445224326968,25.404436645619207,5.4,4.690913122737297,6.109086877262704,0.9137924960644483,0.818902516896411,1.0086824752324857,0.002903563873648333,-0.0059107974749599375,0.011717925222256603
ppo_none,1.0,5,0.6752337332239293,0.6346449405650668,0.7158225258827918,0.0,0.0,0.0,87.41360006151427,74.93483388551518,99.89236623751337,0.8778015194681862,0.8292441745586827,0.9263588643776897,0.0,0.0,0.0,6.622222222222222,5.818785129184357,7.425659315260087,0.8284218740197001,0.7638116956312564,0.8930320524081439,0.0014912179842617155,-0.0022924460698261822,0.005274882038349613
ppo_none,2.0,5,0.6430682313221462,0.5970310117969349,0.6891054508473575,0.02222222222222222,-0.015554352922033901,0.05999879736647834,86.32540462148954,76.56786352221263,96.08294572076645,0.8376127730294396,0.7765460265512308,0.8986795195076484,0.0,0.0,0.0,7.222222222222221,6.23712966405921,8.207314780385234,0.7979533947773843,0.7462920062722256,0.8496147832825429,0.0007099139300407841,-0.0003558803460131999,0.0017757082060947682
ppo_none,3.0,5,0.6604609265560156,0.5925194059073247,0.7284024472047066,0.01111111111111111,-0.019733333333333325,0.041955555555555545,88.52122737255687,72.37018921704274,104.672265528071,0.8610933048433049,0.781141005212426,0.9410456044741838,0.0,0.0,0.0,6.911111111111111,5.585696944114971,8.236525278107251,0.7923074429596169,0.7165889403577596,0.8680259455614742,0.004311363424193302,-0.005443317015012874,0.014066043863399479
ppo_none,4.0,5,0.6893916363939809,0.6366848525852535,0.7420984202027083,0.02222222222222222,-0.03946666666666665,0.08391111111111109,77.81516175358914,53.56322947946343,102.06709402771484,0.8989019468186136,0.8315124627746585,0.9662914308625686,0.0,0.0,0.0,6.3,5.004533333333334,7.595466666666666,0.8153892369651554,0.7291415141641875,0.9016369597661233,-0.00348103051720601,-0.018048405617159875,0.011086344582747857
ppo_none,5.0,5,0.6678392155427535,0.6156136450602151,0.7200647860252919,0.03333333333333333,-0.004443241810922788,0.07110990847758945,89.2148377833022,71.76488362949826,106.66479193710614,0.8678537511870845,0.8074653587180669,0.9282421436561021,0.0,0.0,0.0,6.844444444444444,5.676624734022761,8.012264154866127,0.8060034288199251,0.7415988946125631,0.8704079630272872,-0.0017493829251422235,-0.007236959190929251,0.0037381933406448044
ppo_none,6.0,5,0.6735513521375235,0.5796477707787587,0.7674549334962882,0.02222222222222222,-0.015554352922033901,0.05999879736647834,86.67197709295174,63.450389108175756,109.89356507772771,0.8770714624881292,0.7661110522007422,0.9880318727755162,0.0,0.0,0.0,6.688888888888888,4.809148374093572,8.568629403684204,0.8196075419858904,0.7119121810046856,0.9273029029670952,0.0001316478693614879,-0.004020592519962177,0.004283888258685153
ppo_none,7.0,5,0.6941555792084688,0.6277759873555548,0.7605351710613828,0.01111111111111111,-0.019733333333333325,0.041955555555555545,71.70826270034244,59.16483666754409,84.2516887331408,0.9081255935422602,0.811497074531087,1.0047541125534334,0.0,0.0,0.0,6.177777777777778,4.814502182876174,7.541053372679382,0.8367201149234397,0.7729648115332745,0.9004754183136049,0.0020600577315596476,-0.005523511569326811,0.009643627032446107
ppo_none,8.0,5,0.6677924671552123,0.6262185634829739,0.7093663708274508,0.01111111111111111,-0.019733333333333325,0.041955555555555545,86.28040748418088,78.66982803146989,93.89098693689188,0.86835232668566,0.8036721924621565,0.9330324609091635,0.0,0.0,0.0,6.722222222222221,5.878921347425985,7.565523097018458,0.8028942007424978,0.7656970751952126,0.8400913262897831,-0.0025829140653109385,-0.011077240347991756,0.005911412217369878
ppo_none,9.0,5,0.7103400782066596,0.6807041840838381,0.739975972329481,0.01111111111111111,-0.019733333333333325,0.041955555555555545,75.86798856143295,51.32004885909039,100.41592826377551,0.9255579297245962,0.8834070889727494,0.9677087704764429,0.0,0.0,0.0,5.955555555555556,5.233176296047158,6.677934815063954,0.8779528979841944,0.8540295279989707,0.9018762679694181,-8.830960984120057e-05,-0.001786829898725345,0.001610210679042944
ppo_none,10.0,5,0.706023293155646,0.6715715469614353,0.7404750393498568,0.0,0.0,0.0,67.6194009523882,53.68760448826371,81.55119741651271,0.9185660018993351,0.884636761505426,0.9524952422932442,0.0,0.0,0.0,5.9,5.290090594057782,6.509909405942219,0.8420223148278179,0.8052944503127398,0.8787501793428959,0.0025974973536369997,-0.0024353986655393286,0.007630393372813328
ppo_none,11.0,5,0.7101832163841968,0.677128710199142,0.7432377225692516,0.01111111111111111,-0.019733333333333325,0.041955555555555545,84.09211525337662,77.19456602070224,90.989664486051,0.9294693732193732,0.8884969969372641,0.9704417495014822,0.0,0.0,0.0,5.833333333333333,5.109966991707231,6.556699674959435,0.8505298319737792,0.8133991949021573,0.8876604690454011,-0.0009917589822887546,-0.005026337660281929,0.00304281969570442
ppo_none,12.0,5,0.6929124349275109,0.6406159095619881,0.7452089602930336,0.0,0.0,0.0,97.94786760395331,75.24750299483816,120.64823221306847,0.9108321462488129,0.8526163853839173,0.9690479071137086,0.0,0.0,0.0,6.177777777777778,5.220357080226924,7.135198475328632,0.8119704729544548,0.7430461123849218,0.8808948335239878,-0.003947064100683554,-0.016400458806505487,0.00850633060513838
ppo_none,13.0,5,0.6973906902828471,0.6543318564199527,0.7404495241457414,0.0,0.0,0.0,83.93358931482432,62.61213305186439,105.25504557778424,0.9120963912630579,0.8566807933157272,0.9675119892103885,0.0,0.0,0.0,6.088888888888889,5.175716203368649,7.002061574409129,0.8380227558744183,0.7669009950467888,0.9091445167020479,0.002805282637682034,-0.006304930832516867,0.011915496107880934
ppo_none,14.0,5,0.6897082607014406,0.6152287263295236,0.7641877950733577,0.0,0.0,0.0,78.10660808583395,66.35779453262148,89.85542163904643,0.9038402184235517,0.8059616645798413,1.001718772267262,0.0,0.0,0.0,6.3,4.782183781843544,7.817816218156455,0.8365829775036936,0.7529567669072551,0.9202091881001321,-0.0016531854040092893,-0.003838822442287639,0.0005324516342690602
ppo_none,15.0,5,0.7165588828856092,0.649902449626482,0.7832153161447364,0.02222222222222222,-0.015554352922033901,0.05999879736647834,74.51691965771244,64.54524433281576,84.48859498260911,0.9353573124406459,0.8493703094072202,1.0213443154740716,0.0,0.0,0.0,5.7555555555555555,4.382544637630742,7.128566473480369,0.851584018786536,0.7832523021263609,0.9199157354467111,-0.00913421382914142,-0.032975587226024686,0.01470715956774184
ppo_none,16.0,5,0.6814799196651287,0.6424747010461423,0.720485138284115,0.0,0.0,0.0,78.4577215643458,53.33809588962667,103.57734723906493,0.8955603038936373,0.8478383724544082,0.9432822353328664,0.0,0.0,0.0,6.4,5.63290914665605,7.167090853343951,0.8499879093513837,0.8104984633280278,0.8894773553747396,-0.0003731980960490922,-0.00700365432879211,0.006257258136693925
ppo_none,17.0,5,0.6996522649463827,0.6240505092018465,0.7752540206909189,0.02222222222222222,-0.015554352922033901,0.05999879736647834,79.95178932071786,70.26367395548883,89.6399046859469,0.9114672364672366,0.8244002223716859,0.9985342505627873,0.0,0.0,0.0,6.188888888888888,4.605123527791372,7.772654249986404,0.8291543976688903,0.7322780438841565,0.9260307514536241,0.006980526448589647,-0.012302509573014894,0.026263562470194186
ppo_none,18.0,5,0.7044984514080848,0.6583458332355365,0.750651069580633,0.0,0.0,0.0,77.5935873469239,53.38144193186537,101.80573276198243,0.9145417853751188,0.8574628965014863,0.9716206742487512,0.0,0.0,0.0,5.988888888888889,5.121397456832435,6.856380320945343,0.858330640776293,0.8239813264141699,0.892679955138416,-0.000512980511818554,-0.00517177203453138,0.004145811010894272
ppo_none,19.0,5,0.6663795195284965,0.6367360154722677,0.6960230235847253,0.0,0.0,0.0,81.96917984470586,75.7086545343818,88.22970515502993,0.87460232668566,0.835476411312515,0.9137282420588049,0.0,0.0,0.0,6.711111111111111,6.063377777777778,7.358844444444444,0.8256627789571322,0.7800257793370315,0.871299778577233,0.0022132881233119404,-0.0031226955228437266,0.0075492717694676074
ppo_none,20.0,5,0.6709751223721812,0.6326061308980455,0.7093441138463168,0.0,0.0,0.0,77.35994357492424,57.535916482694645,97.18397066715384,0.8729700854700855,0.8334494843738399,0.912490686566331,0.0,0.0,0.0,6.711111111111111,6.045271066552156,7.376951155670066,0.8246800993124521,0.761174951783465,0.8881852468414393,-0.0012012324881710348,-0.004403139350651232,0.002000674374309163
ppo_none,21.0,5,0.6900049845771006,0.6540341041395112,0.7259758650146899,0.0,0.0,0.0,84.19424595116091,57.18314334175301,111.20534856056881,0.9105413105413106,0.8734742579881886,0.9476083630944326,0.0,0.0,0.0,6.2333333333333325,5.494674895085273,6.971991771581392,0.8397264414707319,0.771243578121558,0.9082093048199059,-0.008435828003245016,-0.026798885868512756,0.009927229862022722
ppo_none,22.0,5,0.7228412745569608,0.6420357899587312,0.8036467591551903,0.01111111111111111,-0.019733333333333325,0.041955555555555545,59.89779897851484,50.36132893341662,69.43426902361306,0.9383012820512822,0.8387186992109527,1.0378838648916116,0.0,0.0,0.0,5.688888888888889,4.041812883986284,7.335964893791494,0.8891196906957777,0.832547229394687,0.9456921519968684,0.001928732633712657,-0.008070483261145059,0.011927948528570374
ppo_none,23.0,5,0.7149127474148788,0.6662659057256957,0.7635595891040619,0.01111111111111111,-0.019733333333333325,0.041955555555555545,85.37526815689594,70.23756912636878,100.5129671874231,0.9339446818613485,0.8646594390774665,1.0032299246452305,0.0,0.0,0.0,5.833333333333333,4.870215864247003,6.796450802419663,0.85143196928896,0.8294628466692362,0.8734010919086839,2.2417852758533417e-05,-0.00217295767969687,0.0022177933852139367
ppo_none,24.0,5,0.6649445316847277,0.6225286709594933,0.7073603924099621,0.01111111111111111,-0.019733333333333325,0.041955555555555545,89.67499274073387,75.72294361165675,103.627041869811,0.8654617758784425,0.8193537526459844,0.9115697991109006,0.0,0.0,0.0,6.733333333333334,5.907992250380428,7.558674416286241,0.8233258711300284,0.7793826549495779,0.8672690873104789,-0.00039338964173415053,-0.002693825010076504,0.0019070457266082026
ppo_none,25.0,5,0.6822920846716669,0.6137606629205747,0.7508235064227591,0.0,0.0,0.0,88.18015672206957,68.0975117815239,108.26280166261523,0.8963734567901234,0.8073376615746223,0.9854092520056245,0.0,0.0,0.0,6.488888888888889,5.014956846299123,7.962820931478655,0.8401350535321572,0.7703002823457116,0.9099698247186029,-0.0014317022474752445,-0.0027638270068977883,-9.957748805270068e-05
ppo_none,26.0,5,0.7106336694390828,0.6612005951950163,0.7600667436831493,0.01111111111111111,-0.019733333333333325,0.041955555555555545,82.83654837078618,77.57103063916684,88.10206610240552,0.9277302943969611,0.8630738404987256,0.9923867482951966,0.0,0.0,0.0,5.877777777777778,4.850838414282398,6.904717141273158,0.8533498443757228,0.8317325792225121,0.8749671095289335,0.00031101658112472956,-0.00023642612579684985,0.000858459288046309
ppo_none,27.0,5,0.7322712300408379,0.6778147672007737,0.7867276928809022,0.01111111111111111,-0.019733333333333325,0.041955555555555545,75.01416199125319,51.75259488164046,98.27572910086592,0.950409544159544,0.8835561410369529,1.017262947282135,0.0,0.0,0.0,5.388888888888888,4.346319290300269,6.431458487477507,0.8736100260165859,0.8211812894086201,0.9260387626245516,0.0009679810761377986,-0.0017663805086474069,0.003702342660923004
ppo_none,28.0,5,0.7047087927544023,0.660713048785198,0.7487045367236067,0.02222222222222222,-0.015554352922033901,0.05999879736647834,76.31765386700602,55.47307691797309,97.16223081603894,0.9228276353276353,0.8664215506095728,0.9792337200456979,0.0,0.0,0.0,5.877777777777778,5.1106869244338275,6.644868631121729,0.8394519928682781,0.803449240713032,0.8754547450235242,-0.0013044109383213614,-0.0057798592495797736,0.003171037372937051
ppo_none,29.0,5,0.6716005511412587,0.6234186097181067,0.7197824925644107,0.0,0.0,0.0,77.30518837121926,57.411657994780256,97.19871874765826,0.8819207027540361,0.8282306389028821,0.9356107666051902,0.0,0.0,0.0,6.555555555555555,5.709438977182616,7.4016721339284945,0.8168952313260093,0.7547611202586397,0.8790293423933788,-0.001273073352289401,-0.006046471185856881,0.003500324481278079
ppo_none,30.0,5,0.7002521256597624,0.6600403088973837,0.740463942422141,0.01111111111111111,-0.019733333333333325,0.041955555555555545,72.42586959047804,52.320920765824596,92.53081841513149,0.9136277302943968,0.8625279667884699,0.9647274938003237,0.0,0.0,0.0,6.022222222222223,5.159955861381771,6.884488583062675,0.8762223937298531,0.8275250620826844,0.9249197253770218,-0.0006655518920160834,-0.009831776126282952,0.008500672342250786
ppo_none,31.0,5,0.6882785610950573,0.6284614566295236,0.7480956655605909,0.01111111111111111,-0.019733333333333325,0.041955555555555545,86.00470837549985,57.08936762384558,114.9200491271541,0.897803893637227,0.8200054486958371,0.9756023385786169,0.0,0.0,0.0,6.277777777777777,4.970067906983479,7.585487648572075,0.8127808656651144,0.7479005401271585,0.8776611912030704,-0.0004913964686266176,-0.0013096812533579904,0.0003268883161047552
ppo_none,32.0,5,0.7372044850192425,0.6942943174735519,0.7801146525649332,0.02222222222222222,-0.015554352922033901,0.05999879736647834,69.92865038097999,52.45842457160112,87.39887619035886,0.955656457739791,0.8984126349056022,1.01290028057398,0.0,0.0,0.0,5.366666666666667,4.518304254009272,6.215029079324062,0.8847564642897124,0.8584031480357289,0.911109780543696,0.014395168524407337,-0.019626090255106754,0.04841642730392143
ppo_none,33.0,5,0.6786739107611701,0.6171784347909908,0.7401693867313495,0.0,0.0,0.0,82.32811359579202,71.27099568112483,93.3852315104592,0.8902302943969611,0.8110089457454428,0.9694516430484794,0.0,0.0,0.0,6.61111111111111,5.502211507511128,7.7200107147110915,0.8082922597996969,0.7326325083246921,0.8839520112747017,0.0023122749752171024,-0.0013808516410977485,0.006005401591531953
ppo_none,34.0,5,0.7268451909383282,0.6527319764439473,0.8009584054327091,0.02222222222222222,-0.03946666666666665,0.08391111111111109,70.71557441914294,46.33998894225646,95.09115989602941,0.942426400759734,0.8495920937080443,1.0352607078114238,0.0,0.0,0.0,5.533333333333333,4.097657800679201,6.969008865987465,0.8797499269067897,0.8119387515199897,0.9475611022935896,-2.7045558332853627e-05,-0.0015284203498022065,0.0014743292331364994
ppo_none,35.0,5,0.7142730090865215,0.6357170922699966,0.7928289259030463,0.03333333333333333,-0.004443241810922788,0.07110990847758945,80.77503085296348,66.51776816221985,95.03229354370711,0.9320394112060779,0.8304237931048515,1.0336550293073044,0.0,0.0,0.0,5.7,4.171253989880337,7.2287460101196634,0.8267802153799597,0.7281890667990678,0.9253713639608516,0.002101536950633292,-0.00191537397428401,0.006118447875550594
ppo_none,36.0,5,0.7021691824878099,0.678601008417648,0.7257373565579718,0.02222222222222222,-0.015554352922033901,0.05999879736647834,84.21670394618249,73.90632310078978,94.5270847915752,0.9122210351377017,0.8778239515428348,0.9466181187325686,0.0,0.0,0.0,6.133333333333333,5.606714687608847,6.659951979057818,0.850241129412956,0.8127845040393754,0.8876977547865367,5.269658142222197e-05,-0.0016792053036128762,0.0017845984664573203
ppo_none,37.0,5,0.695432498061441,0.6521164161550715,0.7387485799678105,0.01111111111111111,-0.019733333333333325,0.041955555555555545,68.93565477375026,53.50542931233159,84.36588023516893,0.9095797720797721,0.8475027019711907,0.9716568421883536,0.0,0.0,0.0,6.133333333333334,5.173183875831669,7.093482790834998,0.8565639909393555,0.8180338687327143,0.8950941131459967,-0.0008143905328498,-0.006519035262600558,0.004890254196900958
ppo_none,38.0,5,0.6803426789588004,0.604236520263363,0.7564488376542378,0.0,0.0,0.0,73.74128417541293,52.258460223215074,95.22410812761078,0.8984211775878442,0.7976959773951633,0.9991463777805252,0.0,0.0,0.0,6.411111111111111,5.023453869481568,7.798768352740655,0.8092227982541281,0.7267066275182,0.8917389689900562,-0.002670148763221703,-0.007137788458302999,0.0017974909318595922
ppo_none,39.0,5,0.6707064422899888,0.6421530026812386,0.6992598818987389,0.02222222222222222,-0.015554352922033901,0.05999879736647834,78.96364381011135,63.851541372678334,94.07574624754437,0.871076685660019,0.8243359123250789,0.917817458994959,0.0,0.0,0.0,6.677777777777777,5.977126685869264,7.3784288696862905,0.8319144777659272,0.7947929782589668,0.8690359772728876,6.405398497239703e-05,-0.0016791916020158528,0.0018072995719606467
ppo_none,40.0,5,0.6979102497388943,0.6306095406980534,0.7652109587797351,0.01111111111111111,-0.019733333333333325,0.041955555555555545,77.64331849678823,54.645596105921584,100.64104088765487,0.9152599715099715,0.8301379220835382,1.0003820209364047,0.0,0.0,0.0,6.033333333333333,4.813514521448896,7.25315214521777,0.8256201095074094,0.7486608997606141,0.9025793192542046,-0.0005298178298107814,-0.003458858147403384,0.0023992224877818213
ppo_none,41.0,5,0.6913214867729832,0.646230596530971,0.7364123770149954,0.01111111111111111,-0.019733333333333325,0.041955555555555545,72.83522748566902,55.570966730635156,90.0994882407029,0.8980235042735043,0.8409303198356769,0.9551166887113317,0.0,0.0,0.0,6.244444444444445,5.513554759636933,6.975334129251958,0.8576264800120637,0.8229265250588761,0.8923264349652512,-0.004680500591025015,-0.012580984751728225,0.0032199835696781953
ppo_none,42.0,5,0.6938866509859689,0.640973184700539,0.7468001172713988,0.01111111111111111,-0.019733333333333325,0.041955555555555545,80.76730684931695,57.97388108613748,103.56073261249642,0.9028133903133903,0.8362244187538618,0.9694023618729187,0.0,0.0,0.0,6.133333333333334,5.108480540290642,7.158186126376026,0.8449280329171633,0.8023780871587616,0.8874779786755651,-0.00020608285903204283,-0.00350344518604731,0.0030912794679832244
ppo_none,43.0,5,0.7474114352226031,0.7307677107818702,0.764055159663336,0.03333333333333333,-0.004443241810922788,0.07110990847758945,77.90929782971357,64.58853988880132,91.23005577062581,0.9696877967711302,0.9390154983522337,1.0003600951900267,0.0,0.0,0.0,5.122222222222222,4.698742490172634,5.545701954271809,0.8681353324755309,0.8469900430914924,0.8892806218595694,0.0064245903702814956,-0.011252093058197665,0.024101273798760654
ppo_none,44.0,5,0.6712856157687785,0.6109531198145777,0.7316181117229794,0.01111111111111111,-0.019733333333333325,0.041955555555555545,88.97587242258075,70.6197569907794,107.3319878543821,0.878786799620133,0.8090685566385671,0.9485050426016988,0.0,0.0,0.0,6.633333333333335,5.382706165039733,7.8839605016269365,0.8104231882676716,0.7308640851092492,0.889982291426094,-0.0003982851211207383,-0.002354869861815884,0.0015582996195744074
ppo_none,45.0,5,0.6982218390210717,0.6280991197837772,0.7683445582583662,0.0,0.0,0.0,76.29565892338157,64.07164871916288,88.51966912760025,0.9138117283950618,0.8206859476250973,1.0069375091650261,0.0,0.0,0.0,6.033333333333333,4.669011345343115,7.397655321323551,0.8367511751674606,0.7783110292310086,0.8951913211039125,-0.0024824779706596883,-0.015913328515945915,0.010948372574626537
ppo_none,46.0,5,0.6972923091795641,0.6202011396925678,0.7743834786665603,0.02222222222222222,-0.015554352922033901,0.05999879736647834,85.90582072000657,73.19906689097711,98.61257454903604,0.9147317188983856,0.8264729808408999,1.0029904569558712,0.0,0.0,0.0,6.055555555555555,4.50334125827204,7.607769852839071,0.8326569271623004,0.7474661808944668,0.9178476734301341,-0.0022282224187963745,-0.004942187018366576,0.0004857421807738277
ppo_none,47.0,5,0.7165134420771675,0.6721102058244591,0.7609166783298759,0.01111111111111111,-0.019733333333333325,0.041955555555555545,101.39328804760312,87.17177189155362,115.61480420365262,0.945275403608737,0.8847326011072428,1.005818206110231,0.0,0.0,0.0,5.722222222222223,4.700390886329481,6.744053558114965,0.820002465998843,0.7803350860359517,0.8596698459617342,-0.003931284925589958,-0.010651230062946628,0.0027886602117667128
ppo_none,48.0,5,0.7220361759108562,0.6615283808040696,0.7825439710176428,0.01111111111111111,-0.019733333333333325,0.041955555555555545,78.89804177210193,64.42169546251287,93.374388081691,0.9543744064577397,0.8672456558119309,1.0415031571035485,0.0,0.0,0.0,5.6,4.3803761875272285,6.819623812472771,0.8571313718724204,0.8199833062183552,0.8942794375264855,0.0006688036158078513,-0.002864766858577007,0.004202374090192709
ppo_none,49.0,5,0.7155893922031131,0.6673412170469757,0.7638375673592506,0.03333333333333333,-0.004443241810922788,0.07110990847758945,74.04649344673541,56.83817930483912,91.2548075886317,0.9301697530864198,0.8648489035732668,0.9954906025995728,0.0,0.0,0.0,5.777777777777779,4.813426333208956,6.742129222346601,0.8469780057852141,0.8052433412659716,0.8887126703044566,-0.0018292427093939973,-0.013114263688093474,0.00945577826930548
ppo_none,50.0,5,0.7176846900376312,0.6626267114084817,0.7727426686667808,0.01111111111111111,-0.019733333333333325,0.041955555555555545,73.91159853619283,61.49208475236135,86.3311123200243,0.9353573124406458,0.8696485974889024,1.001066027392389,0.0,0.0,0.0,5.666666666666666,4.5696272928726716,6.763706040460661,0.8591985375347313,0.8300758410368844,0.8883212340325782,0.0003494339727146167,-0.0051978386584542215,0.005896706603883455
ppo_none,51.0,5,0.719848186017197,0.6442372185988783,0.7954591534355158,0.01111111111111111,-0.019733333333333325,0.041955555555555545,75.79581458738572,58.42466794942591,93.16696122534553,0.9384140550807218,0.8462909897651323,1.0305371203963114,0.0,0.0,0.0,5.644444444444444,4.167932776966828,7.12095611192206,0.8444507844859508,0.7842388755020416,0.90466269346986,0.0024615632851390052,-0.003077165346743205,0.008000291917021216
ppo_none,52.0,5,0.7193382014641605,0.678974410581124,0.759701992347197,0.01111111111111111,-0.019733333333333325,0.041955555555555545,73.41054806232447,54.88877560011453,91.9323205245344,0.9399157169990504,0.8801985679628009,0.9996328660352999,0.0,0.0,0.0,5.5777777777777775,4.768147831520512,6.387407724035043,0.8757019166294754,0.8433174591622731,0.9080863740966777,-0.0020657399964485582,-0.014614305568792185,0.010482825575895069
ppo_none,53.0,5,0.6675059417706477,0.6022737031182807,0.7327381804230148,0.0,0.0,0.0,82.33187118805726,68.86012180549251,95.80362057062202,0.8747981956315289,0.7887373445860505,0.9608590466770074,0.0,0.0,0.0,6.7,5.3055035979578005,8.0944964020422,0.8030756371961447,0.7457407451764669,0.8604105292158225,6.858368178510563e-05,-0.0004681886538968933,0.0006053560174671046
ppo_none,54.0,5,0.7373375208669327,0.7068554542514547,0.7678195874824107,0.0,0.0,0.0,80.17734750559448,66.58978894939209,93.76490606179688,0.9647139126305792,0.9211510458092167,1.0082767794519416,0.0,0.0,0.0,5.333333333333334,4.557609352894956,6.109057313771712,0.8574359147845932,0.8083764621694891,0.9064953673996974,0.0008961436253328372,-0.0033103235405270645,0.0051026107911927385
ppo_none,55.0,5,0.7021423673908307,0.6736004457677439,0.7306842890139175,0.01111111111111111,-0.019733333333333325,0.041955555555555545,90.16950476674171,64.27792489090699,116.06108464257643,0.915349002849003,0.8812680184383532,0.9494299872596528,0.0,0.0,0.0,6.044444444444444,5.367972965936615,6.7209159229522735,0.8256242916616676,0.7817083653044589,0.8695402180188764,0.006115218580655184,-0.0031181078566972446,0.015348545018007613
ppo_none,56.0,5,0.7354403015048796,0.6923061994032197,0.7785744036065395,0.01111111111111111,-0.019733333333333325,0.041955555555555545,85.85148152130417,72.78983697468996,98.91312606791837,0.9637167616334283,0.9011917459739438,1.0262417772929129,0.0,0.0,0.0,5.322222222222223,4.411919105157214,6.232525339287232,0.8678429237538807,0.8041238324270501,0.9315620150807113,-0.0014314360559607546,-0.006067557788963497,0.003204685677041988
ppo_none,57.0,5,0.7000380238466343,0.6828232349254364,0.7172528127678321,0.0,0.0,0.0,77.25035190044798,63.190409875982745,91.31029392491321,0.9177943969610636,0.8905247938270925,0.9450640000950347,0.0,0.0,0.0,6.066666666666666,5.618625231193077,6.514708102140256,0.8493876890530769,0.8046648069727251,0.8941105711334287,-0.001773872799221574,-0.0040830623245501066,0.0005353167261069585
ppo_none,58.0,5,0.7156784260676665,0.6616174185787065,0.7697394335566266,0.02222222222222222,-0.015554352922033901,0.05999879736647834,76.30631348492935,55.16500705638964,97.44761991346905,0.9424679487179487,0.8706819281752503,1.0142539692606471,0.0,0.0,0.0,5.811111111111111,4.762173227133015,6.8600489950892065,0.863159589229215,0.8222292169105619,0.904089961547868,-0.0012001741756426378,-0.0054367150376417525,0.0030363666863564773
ppo_none,59.0,5,0.7351733605900274,0.68310550437828,0.7872412168017747,0.01111111111111111,-0.019733333333333325,0.041955555555555545,67.11564005194995,48.90007609914422,85.33120400475568,0.9559710351377018,0.8919416169831609,1.0200004532922426,0.0,0.0,0.0,5.322222222222222,4.221503313710355,6.422941130734089,0.8806467518665773,0.8209739568682555,0.940319546864899,0.005100184548618493,-0.008202019458698936,0.01840238855593592
ppo_none,60.0,5,0.7123852472477791,0.6964446034663369,0.7283258910292213,0.01111111111111111,-0.019733333333333325,0.041955555555555545,72.0197056054391,60.37030355245972,83.66910765841848,0.9280745489078821,0.9008344848297173,0.9553146129860469,0.0,0.0,0.0,5.788888888888889,5.40056725562054,6.177210522157237,0.8754111139405257,0.8393376394703993,0.9114845884106522,0.013357013526200761,-0.027099742082100222,0.05381376913450174
ppo_none,61.0,5,0.6882278650428806,0.6203625044459696,0.7560932256397915,0.02222222222222222,-0.015554352922033901,0.05999879736647834,70.4498061332846,60.198884845822775,80.70072742074642,0.8973290598290597,0.8093007633473552,0.9853573563107643,0.0,0.0,0.0,6.266666666666667,4.866383241387659,7.666950091945674,0.8387357749886354,0.7538139047554943,0.9236576452217765,-0.00253497129657291,-0.006153937497555023,0.001083994904409203
ppo_none,62.0,5,0.6954232910524695,0.6424820308116569,0.748364551293282,0.02222222222222222,-0.015554352922033901,0.05999879736647834,93.97991865544029,78.80901984037337,109.1508174705072,0.9161324786324787,0.8473766436990732,0.9848883135658842,0.0,0.0,0.0,6.166666666666667,5.141349824339139,7.191983508994195,0.8139924457058324,0.7831780762874712,0.8448068151241936,0.001051978001704985,-0.0025254300952298123,0.004629386098639782
ppo_none,63.0,5,0.6998019209879824,0.6211828771499938,0.7784209648259711,0.02222222222222222,-0.015554352922033901,0.05999879736647834,90.0627488011683,71.98995734552926,108.13554025680733,0.908452041785375,0.8021994151399858,1.0147046684307641,0.0,0.0,0.0,6.055555555555555,4.561907162864808,7.549203948246303,0.8597602604209594,0.8091612238138362,0.9103592970280827,-9.090725271351094e-05,-0.0028333361984444927,0.0026515216930174707
ppo_none,64.0,5,0.6876539319431477,0.6175275332248215,0.757780330661474,0.02222222222222222,-0.015554352922033901,0.05999879736647834,76.94283544001628,60.565139048125715,93.32053183190685,0.9020892687559353,0.8196214564968373,0.9845570810150334,0.0,0.0,0.0,6.28888888888889,4.882673110002121,7.6951046677756585,0.8499270549238581,0.7926390472949939,0.9072150625527223,6.063771361137747e-05,-0.00879076709176472,0.008912042518987475
ppo_none,65.0,5,0.7238576007917439,0.6654337884657447,0.782281413117743,0.05555555555555556,0.006786206752069895,0.10432490435904122,66.41695499231597,54.19368672347164,78.64022326116029,0.9407822886989555,0.8610350509245968,1.0205295264733143,0.0,0.0,0.0,5.5777777777777775,4.2640796114934645,6.8914759440620905,0.8354171525878687,0.7916918758761524,0.8791424292995851,-0.0011598172114259699,-0.00399303966762451,0.0016734052447725703
ppo_none,66.0,5,0.7176380754321932,0.6571180918012529,0.7781580590631334,0.01111111111111111,-0.019733333333333325,0.041955555555555545,77.02306569746699,62.28601116946372,91.76012022547026,0.9350605413105413,0.8469014214836933,1.0232196611373894,0.0,0.0,0.0,5.622222222222222,4.2720949664001715,6.972349478044272,0.8649149548060908,0.7772435225468102,0.9525863870653715,-0.0025394565127152464,-0.00861529308381024,0.003536380058379747
ppo_none,67.0,5,0.69467234820563,0.6512189412044411,0.7381257552068188,0.02222222222222222,-0.03946666666666665,0.08391111111111109,82.087972529689,74.47100549929938,89.70493956007861,0.9082086894586894,0.8533496730701906,0.9630677058471881,0.0,0.0,0.0,6.2,5.330865071493144,7.069134928506856,0.8380528020020772,0.79688012708936,0.8792254769147945,0.0010742176558253252,-0.004196895417749832,0.0063453307294004824
ppo_none,68.0,5,0.7092725088132164,0.6374148036388885,0.7811302139875442,0.01111111111111111,-0.019733333333333325,0.041955555555555545,79.58433888968473,67.57410588156729,91.59457189780217,0.929778015194682,0.8300345239435932,1.0295215064457706,0.0,0.0,0.0,5.833333333333333,4.355694496088814,7.310972170577852,0.8545773172392952,0.8211461963204045,0.8880084381581859,-0.0018769041772299846,-0.005731497119435841,0.0019776887649758717
ppo_none,69.0,5,0.6962379608516931,0.6689528058872898,0.7235231158160964,0.0,0.0,0.0,85.76537888187451,74.41740741166049,97.11335035208853,0.9123338081671415,0.882378978163408,0.9422886381708749,0.0,0.0,0.0,6.066666666666666,5.490857806062197,6.642475527271136,0.8419462647065622,0.8063384377190882,0.8775540916940362,-0.0017545569333661762,-0.004615601954766449,0.0011064880880340964
ppo_none,70.0,5,0.7154150048981677,0.6712404780327099,0.7595895317636254,0.01111111111111111,-0.019733333333333325,0.041955555555555545,69.83916177901939,63.45255371074357,76.22576984729521,0.9285375118708453,0.8709729195166078,0.9861021042250828,0.0,0.0,0.0,5.688888888888888,4.737449014245342,6.640328763532435,0.8861151217415519,0.8573440290323984,0.9148862144507055,-0.001989543791881131,-0.007472585005037877,0.003493497421275615
ppo_none,71.0,5,0.6765923073958027,0.6378630738093236,0.7153215409822817,0.0,0.0,0.0,77.55329903546064,66.46255433793115,88.64404373299013,0.8846272554605887,0.8411306491010181,0.9281238618201594,0.0,0.0,0.0,6.455555555555556,5.761726934740784,7.149384176370328,0.8314050934383415,0.8115983464424761,0.8512118404342068,-0.001961219884706513,-0.00975965544639363,0.005837215676980602
ppo_none,72.0,5,0.6865103688117105,0.6128991847859129,0.760121552837508,0.01111111111111111,-0.019733333333333325,0.041955555555555545,77.92015080685007,61.09659864643608,94.74370296726407,0.9086122981956315,0.8071023973732305,1.0101221990180325,0.0,0.0,0.0,6.222222222222223,4.74861295025772,7.695831494186726,0.8120498742108314,0.7400219201260574,0.8840778282956054,0.0008543309891995574,-0.01495454247930088,0.016663204457699993
ppo_none,73.0,5,0.7063907751652849,0.6604359961362416,0.7523455541943282,0.01111111111111111,-0.019733333333333325,0.041955555555555545,89.7703699198386,65.12883809887438,114.41190174080282,0.9308107787274456,0.8753032801251875,0.9863182773297036,0.0,0.0,0.0,5.833333333333334,4.940707687718176,6.7259589789484915,0.832548458580899,0.8167145519114242,0.8483823652503738,-0.0010716387614860463,-0.0022764914592435185,0.00013321393627142592
ppo_none,74.0,5,0.7084995961879346,0.6615696541903303,0.7554295381855388,0.0,0.0,0.0,86.76843176845917,65.69861621834517,107.83824731857317,0.9341524216524217,0.8749782503239721,0.9933265929808713,0.0,0.0,0.0,5.9,5.022964920672856,6.7770350793271446,0.8353087677990088,0.786378240312097,0.8842392952859205,-0.003251361007863336,-0.00803611727084012,0.0015333952551134485
ppo_none,75.0,5,0.7017886026464457,0.6611039554577585,0.742473249835133,0.01111111111111111,-0.019733333333333325,0.041955555555555545,80.98591818727552,55.12571702459056,106.84611934996047,0.9130282526115859,0.8586578381000579,0.967398667123114,0.0,0.0,0.0,6.055555555555555,5.275245974699785,6.835865136411326,0.8275027356133494,0.7862842647804619,0.868721206446237,-0.0030133128597842553,-0.010976110943874037,0.004949485224305527
ppo_none,76.0,5,0.7033149898079566,0.6514411605158993,0.7551888191000139,0.0,0.0,0.0,84.32161707037501,68.11866068831786,100.52457345243216,0.920946106362773,0.8495788794499392,0.9923133332756068,0.0,0.0,0.0,6.033333333333333,4.939985877236651,7.126680789430015,0.8463602274693942,0.7703636631425709,0.9223567917962175,0.00938674448019204,-0.008219015982965977,0.02699250494335006
ppo_none,77.0,5,0.6997702750055018,0.6080307374313119,0.7915098125796918,0.01111111111111111,-0.019733333333333325,0.041955555555555545,76.19950381363316,58.17101432302412,94.2279933042422,0.9064933523266857,0.7823977988668757,1.0305889057864959,0.0,0.0,0.0,6.1,4.172283912098164,8.027716087901835,0.8421662336432159,0.7242458498717277,0.960086617414704,-0.0023570375360496753,-0.010354841903619232,0.00564076683151988
ppo_none,78.0,5,0.6962073281222898,0.6006448219991273,0.7917698342454523,0.01111111111111111,-0.019733333333333325,0.041955555555555545,80.16506435879091,62.50032741518582,97.829801302396,0.91170465337132,0.7909566864915151,1.032452620251125,0.0,0.0,0.0,6.166666666666666,4.21163005370396,8.121703279629372,0.84640925298534,0.7749719009669839,0.9178466050036961,-0.002968605353630015,-0.012449295555548946,0.006512084848288916
ppo_none,79.0,5,0.7243243786084343,0.687123850789105,0.7615249064277637,0.02222222222222222,-0.015554352922033901,0.05999879736647834,78.91668065240204,59.414064118458036,98.41929718634603,0.9400462962962962,0.899660025145589,0.9804325674470035,0.0,0.0,0.0,5.588888888888889,4.879466666666667,6.2983111111111105,0.8364345688001293,0.8010180850721991,0.8718510525280596,-0.0032292177110341278,-0.008460251674103683,0.0020018162520354273
ppo_none,80.0,5,0.7206611998481137,0.6548965233954808,0.7864258763007467,0.03333333333333333,-0.004443241810922788,0.07110990847758945,81.6759453873596,70.94928185887348,92.40260891584573,0.9442367046533713,0.8626829214472357,1.025790487859507,0.0,0.0,0.0,5.655555555555556,4.370411496954333,6.940699614156779,0.8338173418478642,0.7725954956380987,0.8950391880576296,-0.00036075890950289447,-0.0020745258574722185,0.0013530080384664296
ppo_none,81.0,5,0.7044421767042577,0.6607863242020614,0.748098029206454,0.02222222222222222,-0.015554352922033901,0.05999879736647834,76.82069934729915,47.13013446612259,106.51126422847571,0.9237120132953466,0.8647500945339005,0.9826739320567927,0.0,0.0,0.0,6.055555555555555,5.006164272859949,7.104946838251162,0.8431091301486038,0.7959950351729513,0.8902232251242562,-0.0002744727877363789,-0.001850417258407382,0.001301471682934624
ppo_none,82.0,5,0.6884259392528786,0.6379086750495407,0.7389432034562166,0.02222222222222222,-0.015554352922033901,0.05999879736647834,77.07307121177129,64.73018159445249,89.4159608290901,0.9082027540360873,0.8392734363359132,0.9771320717362614,0.0,0.0,0.0,6.2333333333333325,5.2611215330082395,7.2055451336584255,0.8454699188499724,0.7749710599164772,0.9159687777834675,-0.0015819968597497792,-0.00762574582203532,0.0044617521025357605
ppo_none,83.0,5,0.7276081008762055,0.6828818757440623,0.7723343260083487,0.0,0.0,0.0,74.99250112614929,58.60686268403337,91.37813956826521,0.9542556980056981,0.8917244627607839,1.0167869332506123,0.0,0.0,0.0,5.488888888888889,4.4712559190836805,6.506521858694097,0.8782996371583328,0.8418863143166291,0.9147129600000365,0.005411813268114606,-0.01076959960724775,0.02159322614347696
ppo_none,84.0,5,0.7485907647659454,0.7108953406928119,0.786286188839079,0.01111111111111111,-0.019733333333333325,0.041955555555555545,77.90141274509395,57.938271705965235,97.86455378422266,0.978377255460589,0.9392042373646784,1.0175502735564996,0.0,0.0,0.0,5.044444444444444,4.24993801516093,5.838950873727959,0.8743930441680252,0.8219703265635755,0.9268157617724749,-0.0016556778639116802,-0.004831358881576745,0.0015200031537533846
ppo_none,85.0,5,0.7115084203788382,0.6615216485519327,0.7614951922057437,0.0,0.0,0.0,72.53720863817504,60.9076918105126,84.16672546583749,0.9367818138651473,0.8688213343820119,1.0047422933482826,0.0,0.0,0.0,5.644444444444444,4.720912123059873,6.567976765829015,0.8548574333847139,0.8245141757469017,0.8852006910225261,0.0007098645921648732,-0.004521056498354276,0.005940785682684022
ppo_none,86.0,5,0.7299106649571045,0.6638498514022402,0.7959714785119689,0.02222222222222222,-0.015554352922033901,0.05999879736647834,80.93522074365188,68.49564967601466,93.3747918112891,0.9609924026590694,0.8717563812584815,1.0502284240596573,0.0,0.0,0.0,5.377777777777778,3.997165835446175,6.758389720109381,0.8528619377274984,0.8132037023918547,0.8925201730631421,-0.001122800860644525,-0.0041198815235342825,0.0018742798022452329
ppo_none,87.0,5,0.7288097496663027,0.6954130843609697,0.7622064149716358,0.01111111111111111,-0.019733333333333325,0.041955555555555545,83.9394826819471,61.09148578216681,106.78747958172738,0.9601495726495728,0.9133499913387555,1.00694915396039,0.0,0.0,0.0,5.433333333333334,4.789282425139207,6.07738424152746,0.8197163358096862,0.7660872162071761,0.8733454554121962,-0.0004859602697090142,-0.004529509710237816,0.003557589170819787
ppo_none,88.0,5,0.711693204217714,0.679017137110944,0.7443692713244839,0.03333333333333333,-0.004443241810922788,0.07110990847758945,70.42359485124555,54.63360653297259,86.21358316951851,0.9275106837606837,0.8835643174579206,0.9714570500634467,0.0,0.0,0.0,5.8999999999999995,5.128272246558348,6.671727753441651,0.8487249781335459,0.8107226803169595,0.8867272759501322,0.012230899252989773,-0.013846777160522484,0.03830857566650203
ppo_none,89.0,5,0.6968241111791162,0.6329021644328923,0.7607460579253402,0.02222222222222222,-0.03946666666666665,0.08391111111111109,75.41602344161554,59.62674229870972,91.20530458452134,0.9054249762583098,0.8154306631724646,0.9954192893441549,0.0,0.0,0.0,6.166666666666666,4.868998695665239,7.4643346376680935,0.8369222996620695,0.7651941940319149,0.9086504052922242,0.001080733888851509,-0.0020490893741002677,0.004210557151803286
ppo_none,90.0,5,0.7102476655009522,0.6842965042629143,0.7361988267389901,0.0,0.0,0.0,83.3157554527678,51.16235119819737,115.46915970733824,0.9361407882241217,0.9040006468908385,0.968280929557405,0.0,0.0,0.0,5.833333333333333,5.353010951881608,6.3136557147850585,0.8279217990812194,0.7795902871875833,0.8762533109748556,0.0017733872288353888,-0.004894367024532091,0.008441141482202869
ppo_none,91.0,5,0.690133879492362,0.6409017693319844,0.7393659896527397,0.03333333333333333,-0.02835555555555555,0.09502222222222222,74.79629935460196,64.41041039650443,85.18218831269948,0.901264245014245,0.8418917425977435,0.9606367474307465,0.0,0.0,0.0,6.222222222222223,5.343020283312444,7.101424161132003,0.8268391829375812,0.7701417478246558,0.8835366180505065,0.0005230034522168035,-0.0020860737329667046,0.003132080637400312
ppo_none,92.0,5,0.702857862000019,0.6796332795868077,0.7260824444132302,0.01111111111111111,-0.019733333333333325,0.041955555555555545,81.12492832857251,73.74465301202648,88.50520364511854,0.9211775878442545,0.8928761785834668,0.9494789971050422,0.0,0.0,0.0,5.944444444444445,5.589398225926417,6.299490662962472,0.8409695795198555,0.7879527324381276,0.8939864266015835,0.002046734293107875,-0.006589066167776398,0.010682534753992147
ppo_none,93.0,5,0.6921650009000818,0.6394368009513466,0.744893200848817,0.0,0.0,0.0,75.02539470992028,60.809265777056936,89.24152364278362,0.8997269705603038,0.8229280557223687,0.9765258853982389,0.0,0.0,0.0,6.2444444444444445,5.105285990492635,7.383602898396254,0.8243401930612524,0.7644420123904215,0.8842383737320832,-0.0005866946818839227,-0.0019228409979040687,0.0007494516341362232
ppo_none,94.0,5,0.7261404309198427,0.6612040000283512,0.7910768618113342,0.02222222222222222,-0.015554352922033901,0.05999879736647834,85.30681442828444,68.26309387388355,102.35053498268533,0.94667616334283,0.8699226112946732,1.0234297153909868,0.0,0.0,0.0,5.511111111111111,4.245548858860758,6.776673363361464,0.8457496985033217,0.778263663227227,0.9132357337794165,0.011212480732068101,-0.017596457131734307,0.04002141859587051
ppo_none,95.0,5,0.7176119223124764,0.66990988763015,0.7653139569948028,0.01111111111111111,-0.019733333333333325,0.041955555555555545,74.80920181812277,54.253978161570885,95.36442547467466,0.938230056980057,0.8712224142943266,1.0052376996657875,0.0,0.0,0.0,5.666666666666667,4.619544340750493,6.713788992582841,0.8538001133891676,0.8037249071924027,0.9038753195859325,0.002833084022131516,-0.003554440501554429,0.00922060854581746
ppo_none,96.0,5,0.7372670879213932,0.6644925094421392,0.8100416664006471,0.04444444444444444,-0.031108705844067802,0.11999759473295668,64.9031407569842,52.113571840959814,77.69270967300858,0.9594313865147198,0.8694690912240528,1.0493936818053868,0.0,0.0,0.0,5.2666666666666675,3.9103876568045406,6.622945676528794,0.8678574246655415,0.8433867423869706,0.8923281069441124,-0.001450256991388631,-0.006839021289162282,0.003938507306385021
ppo_none,97.0,5,0.7242437702646568,0.6990409578694253,0.7494465826598883,0.0,0.0,0.0,85.83360741074407,73.47762570590338,98.18958911558475,0.9512345679012346,0.9134441252869038,0.9890250105155655,0.0,0.0,0.0,5.655555555555557,5.258152688162346,6.052958422948768,0.8637660182149121,0.8074640421879832,0.9200679942418409,-0.0004735982921233193,-0.0034660075967604636,0.0025188110125138248
ppo_none,98.0,5,0.6945197027720471,0.667293719754026,0.7217456857900683,0.03333333333333333,-0.02835555555555555,0.09502222222222222,78.12904699760614,66.60499996492712,89.65309403028516,0.903531576448243,0.8609614037119251,0.9461017491845609,0.0,0.0,0.0,6.233333333333333,5.6575244727288645,6.809142193937802,0.8345612010955599,0.7816588866217021,0.8874635155694176,-0.0025014340838958836,-0.006658103452888554,0.001655235285096787
ppo_none,99.0,5,0.7074978307821446,0.6346802554354751,0.780315406128814,0.02222222222222222,-0.03946666666666665,0.08391111111111109,80.62462626939848,74.84996401728358,86.39928852151337,0.9276768755935423,0.844649543965297,1.0107042072217876,0.0,0.0,0.0,5.866666666666666,4.476440797106234,7.256892536227099,0.8355910752030127,0.7899661006726341,0.8812160497333913,-0.003983734133362305,-0.01147314257805503,0.003505674311330421
ppo_none,100.0,5,0.6914000650765356,0.6394036348040804,0.7433964953489909,0.02222222222222222,-0.015554352922033901,0.05999879736647834,76.27158750598505,66.46969818296999,86.07347682900011,0.9004985754985755,0.8408315073223781,0.9601656436747729,0.0,0.0,0.0,6.066666666666666,5.147264191894446,6.986069141438887,0.8274568516702384,0.7350693295092859,0.9198443738311909,0.001551557277488182,-0.0040837682666054,0.007186882821581764
